Conference,Date Range,City,State,Country,Venue,Discount,Main Conference Link,Speakers/Notable Attendees,Expected Attendance,Format,Image,Recently Added,Not Active,2027
The Canadian Bitcoin Conference 2025,"October 16-18, 2025",Montreal,,Canada,Rialto Theatre,,https://canadianbitcoinconf.com/,"Joey Temprile, George McBride, Shone Anstey, Mehdi Azodi, Brian Hirschfield, Sunny Ray, Brad Mills, Jeff Walton, Mason Foard, Charles Lesieur, Toufic Adlouuni, Will Casarin, Nathan Fitzimons, Jon Stein, Francis Pouliot, Josh, Magdalena Gronowska, Toine, Colin Sullivan, Nicolas Drouin, Matt Carlsson, Michael Hassard, Tor Ekland, John Davitsky, John Ely, Scott Dedels, Andrew Clubine, Jon Tellis, Adam O’Brien, Dee, Dave Bradley, Brandon Gentile, Nolan Bauerle, Aaron Foster, Kaan Farahani, Steve Barbour, Jerome LeBel, Koleya Karrington, Jacob Asparian, Carlo Campisi, Ben Schmidt, Mitchell Clarke, Cedric Youngelman, Tomer Strolight, Nico Moran, True Heather, Dr. Emma Apatu, Suman Kumar, Nick St. Louis, Seb Bunney, Mark Jeftovic, David St-Onge, Guillaume Déziel, Lawrence Lepard, Claudius Otegbade, Pete Rizzo, Matthew Vuk, Rajat Soni, Michelle Weekley, Scott Kisser, Tristan Swift, Paul Rogers, Didier Lavalee, Liam Cameron, Jason Leibowitz, John Mongreau, Joseph Barbuto, Richard Dias, Aubrey Tesseau",600,In-Person,canadian-bitcoin-conference-2025-card.webp,"October 16, 2025",,
Bitcoin MENA 2025,"December 7-8, 2025",Abu Dhabi,,United Arab Emirates,ADNEC Centre,Use code FOMO for 10% OFF,https://tickets.b.tc/event/bitcoin-mena-2026?promoCodeTask=apply&promoCodeInput=FOMO,"Michael Saylor, CZ, H.E. Dr. Mohamed Al Kuwaiti, Paul Manafort, Ahmed Bin Sulayem, David Bailey, Abdulla Al Dhaheri, Saifedean Ammous, John Koudounis, Marwan Al Zarouni, Bilal Bin Saqib, Simon Gerovich, Aaron van Wirdum, Aaron Daniel, Abderrahman Ghiadi, Abdumalik Mirakhmedov, Abu Akkuc, Adam Haynes, Adam O’Brien, Adam Schneider, Alain Kunz, Alan Lane, Alejandro De La Torre, Aleksandar Svetski, Alex Bodromian, Alex Recouso, Alexander Neumüller, Alexander Sayegh, Alexandre Laizet, Ali Alnuaimi, Allen Helm, Andrej Majcen, Andrew Hohns, Andrew Vranjes, Anish Shivdasani, Anthony Bassili, Areeb Ahmad, Arsh Molu, Austin Alexander, Benjamin De Waal, Bill Qian, Billy Boone, Björn Schmidtke, Borja Martel Seward, Brandon Green, Brett Tejpaul, Brian Dixon, Bruce Fenton, Carl Moon, Carlos Estrada, Carly B, Charlie Hu, Chris Lane, Christian Lopez, Christoph Koster, Clarisse Hagege, Craig Deutsch, Dan Webb, Daniel Batten, Daniel Jonsson, Daniel Sempere Pico, Danny Knowles, Danny Yeung, Darius Alexander, Dave Ripley, Davinci Jeremie, Denny Xing, Derar Islim, Dishang Patel, Dr. Pippa Malmgren, Dylan LeClair, Efe Kelemci, Eli Ben-Sasson, Emily Byun, Eric Yakes, Erik Hersman, Erik Lapaglia, Fabian Jahr, Faisal Al Hammadi, Faisal Saeed Al Mutar, Farooq Ahmed, Fin Creighton, Frank Corva, Fred King, Gary Sheynkman, George Mekhail, Gopal Bharvad, Greg Carson, Gregg Davis, Hicham Chahine, Hubertus Hofkirchner, Hunter Albright, Irene Gao, JD Gagnon, Jimmy Kostro, John Pratt, Jonathan Ovadia, Joseph Collement, Joseph Dallago, Joshua Wiltord Mutekanga, Kevin Zhang, Kgothatso Ngako, Khing Oei, Kingsley Advani, Kristyna Mazankova, Laura Inamedinova, Leeor Groen, Lena Art, Linah Ali, Linda Wambui, Loren Asmus, Louise Reymond Corpus, Luca Infeld, Luthando Ndabambi, Madeline Morning, Manash Goswami, Maria Vovchok, Mariangel Garcia, Mark Artymko, Mark Connors, Marko Tarman, Mason Foard, Matt Cole, Maurizio Pedrazzoli, Max Guise, Michael Ashby, Michael Martin, Michael Peterson, Mo Ali Yusuf, Mohammed Alshiekh, Muhammad Rasoul, Muslim Bitcoiner, Mu’aawiyah Tucker, Nacho Pauls, Naser El Agha, Neil Jacobs, Niko Jilch, Nolan Bauerle, Obi Nwosu, Olga Kochmar, Omar Al Yousif, Paul Boots, Paul Dawalibi, Pavlenex, Pedro, Peter Abou Hachem, Peter Duan, Philip Rage, Prince Filip of Serbia, Rachel Conlan, Rahim Taghizadegan, Raj Maitra, Rami Alsridi, Redouane Elkamhi, Robbie Maltby, Robert Warren, Robin Seyr, Rohan Hirani, Roman Martinez, Roya Mahboob, Russell Okung, Ruzbeh Kroner, Salahuddin Khawaja, Sam Callahan, Sanjay Gupta, Scott Millar, Sebastian Widmann, Serena Sebastiani, Shalini Wood, Shanon Squires, Shawn Owen, Siddarth Bharwani, Simon Dixon, Sindura Saraswathi, Sonia Mayenco, Stafford Masie, Stefan Kern, Stephan Livera, Susie Violet Ward, Sélim Chidiac, Theresa Morrison, Tommy Chan, Tony Yazbeck, Tracy Hoyos-Lopez, Tristan Thompson, Tyler Evans, Walid Abou Zaki, Weikeng Chen, Wright Wang, Wyatt O’Rourke, Xiaohui Liu, Yat Siu, Yoni Assia, Zuby","6,000",In-Person,bitcoin-mena-2025-card.webp,"December 7, 2025",,
bitcoin++ - Taiwan 2025,"December 13-15, 2025",Taipei,,Taiwain,POPOP,Use code FOMO for 10% OFF,https://www.btcplusplus.dev/conf/taipei,"Alekos Filini, Alex Gleason, Alex Lewin, Anant Tapadia, Ava Chow, Calson, Calvin Kim, Chad Curtis, Chris Guida, Dan Gould, Dana Wallet, Edouard Paris, Evan Lin, GG, Jimmy Zhang, John Galt, Kevin Loaec, Lloyd Fournier, Nick Farrow, Nicolas Dorier, Niftynei, Oren Zomer, Oskar Thorén, Shroominic, Tony Klausing",,In-Person,bitcoinplusplus-taiwain-2025-card.webp,"December 13, 2025",,
Bitcoin Alive 2025,"March 8, 2025",Sydney,,Australia,The Roundhouse,,https://bitcoinalive.io/,"James Check, Efrat Fenigson, Knut Svanholm, Michael Dunworth, Scott Dedels, Chris Pavlesic, Danny Knowles, Pete Evans, Ketan, John Ruddick, Tyler Green, Helena Andrejko, Hubertus Hofkirchner, Kieran Nolan, Robbie P, Dale Warburton, Lincoln Tan, Jonas Benner, John Pratt, Andrew Page, Andy Pattinson, Gabriel Shipton, Piers Cockram, David Boyle, Peter Dunworth, Joshua Blount, Jordan Ditloff",,In-Person,bitcoin-alive-2025-card.webp,"March 8, 2025",,
Baltic Honeybadger 2025,"August 9-10, 2025",Riga,,Latvia,Fantadroms,,https://baltichoneybadger.com/agenda,"Willy Woo, Adam Back, Giacomo Zucco, Preston Pysh, Peter Todd, Calle, Luna, Martti Malmi, Allen Farrington, Susie Violet Ward, Abubakar Nur Khalil, Niftynei, Roy Sheinfeld, Danny Knowles, Nico Moran, Efrat Fenigson, Max Kei, Ben Perrin, Francis Pouliot, Daniel Prince, Stephan Livera, Luke De Wolf, André Loja, Freddie New, Kulpreet Singh, Michael Haase, Hadiya Masieh, Harald Rauter, Michael Hassard, Tor Ekeland, Bitcoin QnA, Kevin Loaec, Kent Halliburton, Knut Svanholm, Ryta De Crypt, Michael Peterson, Tollgate, Ghaffar Hussain, Sander Andersen, Sergej Kotliar, Leon Wankum, Mykyta Tymko, JeffG, Fadi Elsalameen, Mo Harchegani, Ioni Appelberg, Simple Steve, Steven Roose, Kukks, Skot9000, Abubakar Sadiq Ismail, Tobechi Chukwuleta, Adam Gebner, Ben Wehrman, Oleks Kurbatov, Tanja Bächle, Keith D Mukai, Olga Ukolova, Maksim Orlovsky, Erik Cativo, Ambroid, Femilonge, Alena Vranova, Tiero, Viesturs, Keypleb, Jesse Shrader, Zack Cohen, Mills, Richard Walakira, Pascale Berle, Dr. Nina-Luisa Siedler, Paolo Guarnerio, Eric Sirion, Arnab Naskar, Mir Liponi, Oleg Mikhalsky, Super Testnet, Max Hillebrand, Mike Jarmuz, Alex Mann, Madex, Matthew Mežinskis, Sergejs Ponomarjovs, Milosz Matuschek, Eric Yakes, Jack Lee, SilentLink",,In-Person,baltic-honeybadger-2025-card.webp,"August 9, 2025",,
The Bitcoin Rodeo 2025,"June 28-29, 2025",Calgary,,Canada,The Grand Theatre,,http://bitcoinrodeo.com/,"Francis Pouliot, Nico Moran, Erik Cason, Ben Perrin, Dave Bradley, MADEX, Nolan Bauerle, Adam O’Brien, Steve Barbour, Derek Fildebrandt, Julian Figueroa, Seb Bunney, Jon Tellis, Brett Oland, Luke De Wolf, Knut Svanholm, Heather Keys, Justin Dorey, Mike Cook, Reverend Hodl, Roger Huang, Tim Moen, Tamara Lich, Don Tsell, Cory Morgan, Simon Raven, Sunny Ray, Steven Merrill, Pablo S, Katie Webster, Jon Stein, Chris Banman, Jeff Remple, Ryan Acheson",,In-Person,bitcoin-rodeo-2025-card.webp,"June 28, 2025",,
Bitcoin 2025,"May 27-29, 2025",Las Vegas,Nevada,United States,The Venetian,Use code FOMO for 10% OFF,https://2025.b.tc/,"JD Vance, Ross Ulbricht, Michael Saylor, Cynthia Lummis, David Sacks, Bo Hines, Vlad Tenev, Adam Back, Jack Mallers, Paolo Ardoino, Peter Schiff, Justin Sun, Vivek Ramaswamy, Chun Wang, Byron Donalds, Lyn Alden, Marsha Blackburn, Cameron Winklevoss, Tyler Winklevoss, Saifedean Ammous, Caitlin Long, Dave Ripley, Bryan Steil, Simon Gerovich, JP Richardson, Arthur Hayes, Brandon Lutnick, Bryan Johnson, David Marcus, Chris LaCivita, Dan Morehead, Don Trump Jr., David Bailey, Eric Trump, Fred Thiel, Jim Justice, Bill Hagerty, Tom Emmer, Trace Mayer, Hester Peirce, Aaron Arnold, Aaron Daniel, Aaron van Wirdum, Abhay Agarwal, Adam Simecka, Adam O’Brien, Adam Haynes, AEON, Akshat Vaidya, Alan Martinez, Alec Taggart, Alejandra Guajardo, Alekos Filini, Alex Pruden, Alex Bergeron, Alex Busarov, Alex Thorn, Alex Brammer, Alex Li, Alex Bodromian, Alex Lewin, Alexandre Laizet, Alexis Johnson, Alexander Neumueller, Ali Tager, Alisia Painter, Allen Helm, American HODL, Andrew Parish, Andrew Hohns, Andrew Poelstra, Andrew Gordon, Andrew Webley, Andrew Kang, Andrew McCormick, Andrii Garanin, Andy Schoonover, Andy Wang, Anil Patel, Anne Peetz, Anthony Power, Antoine Poinsot, Antoine Riard, Ariel Wengroff, Arnab Naskar, Artem Bespaloff, Austin Arnold, Austin Kelsay, Austin Alexander, Avik Roy, Aviral Shukla, Babydog Justice, Bart Mol, Beau Turner, Becca Amilee Rubenfeld, Ben Cowen, Ben Kaufman, Ben Wehrman, Ben Werkman, Ben Gagnon, Ben Samocha, Ben Carman, Ben Justman, Ben Askren, Bilal Bin Saqib, Billy Boone, Bitcoin Mechanic, Blake Benthall, Bob McDonell, Bobby Shell, Bootoshi B, Borja Martel Seward, Bram Kanstein, Brandon Black, Brandon Bailey, Brett Knoblauch, Brian De Mint, Brian Dixon, Brian Murray, Brian Laughlan, Brian Morgenstern, Brian Carson, Brian Jack, Brian Harrington, Brittany Ruiz, Bruce Fenton, CJ Konstantinos, Carl Dong, Carla Bitcoin, Carlos Toriello, Carly B, Carson Smith, Carter Feldman, Casey Rodarmor, Cedric Youngelman, Chan Ahn, Charley Brady, Charlie Spears, Charlotte Goldman, Chef Pete Evans, Chris Totin, Chris Kuiper, Chris Hunter, Chris Pavlovski, Christian Ribeiro, Christian Lopez, Christian Papathanasiou, Christian Rau, Christopher Crowell, Chuck L’Ecuyer, Cody Carbone, Colin Harper, Colin Crossman, Conor Okus, Constantine Karides, Craig Deutsch, Cris Cyborg, DJ Valerie B Love, Dan Lawrence, Dan O’Prey, Dan Tapiero, Dan Edwards, Daniel Batten, Daniel Kodsi, Daniel Cameron, Danny Knowles, Darren Burgess, David Seroy, David Tse, Dean Callas, Deven Soni, Dhruv Patel, Dom Bei, Doug Davis, Dr. Robert Malone, Drew Armstrong, Dylan LeClair, Efrat Fenigson, Ekrem Bal, Eleanor Terrett, Eli Ben-Sasson, Elizabeth Stark, Emma Rose Bienvenu, Emmanuel Montero, Eric Semler, Eric Adams, Erick Vera, Erik LaPaglia, Erik Cason, Erin Redwing, Ethan Ellenberg, Ezra Chang, Ezra Chairez, Fakhul Miah, Faryar Shirzad, Felipe Servin, Filip Primec, Francesca Failoni, Francis Mars, Frank Corva, Freddie New, Gmoney, Gabe Higgins, Gareth Jenkinson, Gary Vecchiarelli, Gary Cardone, George Mekhail, Ghazaleh Barman, Gideon Powell, Graham Krizek, Grain of Salt, Grant Cardone, Grant McCarty, Greg Carson, Greg Hoffmeister, Guillaume Girard, Gustavo Flores Echaiz, Gwart, Haider Rafique, Hailey Lennon, Haley Berkoe, Hans Thomas, Haris Basit, Harry Sudock, Harry Halpin, Henry Elder, Hermann Vivier, Hewie Rattray, Hodl Dee, Hong Kim, Hunter Horsley, Hunter Beast, Hunter Albright, IN-Q, Ian Carroll, Ian Descôteaux, Irene Gao, Isabel Foxen Duke, Isabella Santos, Israel Salmen, J, JD Lott, Jake Ornstein, Jameel Khalfan, James Lavish, Jameson Lopp, Jamie McAvity, Jan Smejkal, Jason Les, Jason Fang, Jayson Browder, Jeff Lucas, Jeff Park, Jeff Walton, Jeff Fischbach, Jeffrey Li, Jeremy Almond, Jeremy Rubin, Jeremy Dreier, Jeremy Singer, Jesse Shrader, Jesse Myers, Jessy Gilger, Jewell Loyd, Jill Ford, Jim Crider, Jody Mettler, Joe Bryan, Joe Kelly, Joe Carlo, Joe Suzuki, Johann Kerbrat, John Perkins, John Deaton, John Stefanopoulos, John Riggins, John Hoffman, Jolie Kahn, Jon Charbonneau, Jonas Nick, Jonathan Kirkwood, Jordan Schachtel, Jordi Montes, Josh Hendrickson, Josh Doman, Joshua Jung, Joshua Philippe, Julia Duzon, Justin Ballard, Justin Rhedrick, Katie the Russian, Kay Feker, Keagan McClelland, Keith Ammon, Kelley Weaver, Kent Draper, Kevin Loaec, Kevin Zhang, Kevin Kelly, Kristin Stroud, Kristyna Mazankova, Lana Negrete, Lauren Post, Lawrence Lepard, Leopoldo Bebchuk, Liam Eagen, Lilly Douse, Loren Asmus, Lowell Ness, Luke Rudkowski, Lyle Pratt, Lynne Bairstow, Mackenzie Sigalos, Mags Gronowska, Malcolm Chen, Marc Syz, Marco Argentieri, Margeaux Plaisted, Mario Gutierrez, Marissa Streit, Mark Moss, Mark Wood, Marko Tarman, Martti Malmi, Marty Bent, Mas Nakachi, Mason Carter, Mason Jappa, Matt Crosby, Matt Lohstroh, Matt Hill, Matt Luongo, Matt Schultz, Matt Williams, Matt Howard, Matt Prusak, Matt Curtis, Matt Huang, Matt Corallo, Matt Barkley, Matt Cole, Matt Dines, Matthew Sigel, Matthew Pines, Matthew Lysiak, Mauricio Di Bartolomeo, Max Guise, Max Mellenbruch, Mayer Mizrachi, Mehdi Al Malla, Michael Schmid, Michael Jarmuz, Michael Terpin, Mike Cohen, Mike Peterson, Mike Benz, Mike Germano, Mike Schmidt, Mike Belshe, Mike Ho, Miles Paschini, Miles Suter, Miles Jennings, Morgen Rochard, Muneeb Ali, Murch, Natalie Brunell, Natalie Rix, Nazar Khan, Neha Narula, Neil Chatterjee, Neil Jacobs, Nick Hansen, Nico Lechuga, Nico Moran, Nico Smid, Nicolas Drouin, Nigel Farage, Nik Bhatia, Nishant Sharma, Nolan Bauerle, Norma Chu, Nuri Katz, Nuri Chang, Olivia Santarelli, Orkun Mahir Kilic, Paget Stanco, Patrick Liou, Patrick Lowry, Paul Sztorc, Paul Puey, Paul Grewal, Paul DeJoe, Paul Keating, Pedro, Peng Li, Peruvian Bull, Pete Janney, Peter Todd, Phil McPherson, Phong Le, Pierre Rochard, Post Capone, Professor Edward Stringham, Pär Helgosson, Rachel Silverstein, Rachel Nixon, Rachel Lau, Rafael Moya, Rafael Yakobi, Rajat Soni, Rajiv Khemani, Rami Alsridi, Reza Azizian, Rich Rines, Richard Byworth, Rick Vanderhulst, Rizzo, Rob Samuels, Rob Massey, Rob Hamilton, Robert Mitchnick, Robert Warren, Robin Seyr, Robin Linus, Robin Obermaier, Rockstar Dev, Roger Huang, Roman Martinez, Rosie Rios, Roy Sheinfeld, Russell Cann, Russell Okung, Ryan Gentry, Sagun Garg, Sahil Chaturvedi, Salman Khan, Salvatore Ingala, Sam Abbassi, Sam Kazemian, Sam Callahan, Samuel Dergel, Sanjay Mavinkurve, Satsie, Scot Johnson, Seamus Rocca, Sean Bill, Seed Signer, Seth for Privacy, Seth Hertlein, Shanon Squires, Shawn Owen, Shawn Baker, Shehzan Maredia, Shirish Jajodia, Shone Anstey, Siddarth Bharwani, Skyler, Smeet Bhatt, Spacebear, Spencer Yang, Stacy Scott, Stephan Livera, Stephen Cole, Stephen Dodge, Stephen Delorme, Stephen Palley, Steve Lee, Steven Lubka, Super Testnet, Susie Violet Ward, Symington Smith, T.J. Miller, Tadge Dryja, Tarek Mansour, Taylor Monnig, Tim Savage, Timo Steipe, Timothy Kotzman, Toine, Tommy Walker, Tony Högqvist, Tony Klausing, Tracy Krumme, Tracy Hoyos-Lopez, Trey Sellers, Tristan Dickinson, Troy Cross, Tyler Stevens, Tyler Williams, Tyler Evans, Vijay Boyapati, Walker America, Weikeng Chen, Will Foxley, Will Reeves, Will Paul, Willem Schroé, Wright Wang, Wyatt O’Rourke, Yves La Rose, Zac Townsend, Zach Herbert, Zach Wischler, Zachary Bradford, Zack Shapiro","25,000",In-Person,bitcoin-2025-card.webp,"May 27, 2025",,
BTC in D.C.,"September 30 - October 1, 2025",Washington,D.C.,United States,The John F. Kennedy Center for the Performing Arts,Use code FOMO for 10% OFF,https://btcindc.com/?promo=FOMO,"Michael Saylor, Aurelien Portuese, Jeff Booth, Adam Back, Sen. Cynthia Lummis, Cory Klippsten, Samson Mow, Rep. Warren Davidson, Pierre Rochard, Parker Lewis, Rep. Tom Emmer, Mark Moss, Patrick Witt, Harry Jung, Darcy Daubaras, Sen. Ron Wyden, Joe Kelly, Eleanor Terrett, Ella Hough, Janessa Lopez, Kat Cammack, Stacy Herbert, Max Keiser, Hannah Magnelli, Elliot David, Will Cole, Arsh Molu, Gary Krause, Chris Sullivan, Dr. Shawn Baker, Tiffany Cianci, Alex Stanczyk, Ben Justman, Joe Gruters, Charlie Shrem, Jeff Newman, John Balkam, Jacob Seifert, Frank Corva, Kit Stanwood, Scott Lindberg, Matty Ice, Preston Pysh, Bob Burnett, Beau Turner, Tomer Strolight, Dennis Porter, Rep. Buddy Carter, Nick Spanos, Michael Goldstein, Giacomo Zucco, Colin Crossman, Mark Yusko, Halston Valencia, GEN Z BTC, John Drew, Jack Fife, Jorge Jraissati, Thomas Pacchia, Tom Conley, Shahan Khoshafian, Kyle Schneps, Milena Mayorga, Lawrence Lepard, CJ Konstantinos, Shane Smith, Raj Mukherjee, Anastasia Dellaccio, Matt Prusak","1,500",In-Person,btc-in-dc-2025-card.webp,"September 30, 2025",,
Max & Stacy Golf Invitational 2026,"January 8–10, 2026",,,El Salvador,El Encanto Resort,,https://bitcoingolfinvitational.com/,"Max Keiser, Stacy Herbert",,In-Person,max-stacy-2026-card.webp,"January 8, 2026",,X
Bitcoin Medellín 2026,"January 16-17, 2026",Medellín,,Colombia,"Plaza Mayor, Medellín",,https://btcmedellin.com/,"Jeff Booth, Kent Halliburton, Oliver Velez, Francisco Litvay, BJ Dichter, Neil Jacobs, Adam Nili, Mike Peterson, John Dennehy, Atlas Hodl, Dallas Rushing, Alejandro Beltran, Alessio Lacco, Brandon Keys, Christopher Baker, Colbitcoin, Daniel Aguilar, Daniel Marulanda, Daniel Tadros, Dhruv Patel, Frank Corva, Freddy Mann, Gabe Palma, Jake Seifert, Jhonny Delgado, John McGraw, John Tarantino, Jose Luis Garcia, Khushboo Khullar, Kyle Huber, Lorena Almada, Michael Blankenship, Michael Jarmuz, Mike Smith, Monika Bravo, Nelson Inno, Pablo, Quentin, Rainier Nanquil, Reyna Chicas, Roman Martinez, Salman, Tom Benner, Will Hernandez",100,In-Person,bitcoin-medellin-2026-card.webp,"January 16, 2026",,
Bitcoin Day Naples 2026,"January 17, 2026",Naples,Florida,United States,Four Seasons Naples,,https://bitcoinday.io/naples26,"Natalie Brunell, Lawrence Lepard, Gary Cardone, Shawn Baker MD, CJ Konstantinos, Luke Dashjr, Bob Burnett, Nico Moran, Michelle Weekley, Danny Condon, Jason Leibowitz, Carly Benson, Beau Turner, Craig Shapiro, Bobby Iaccino, Chantel Lillicrop-Kostiuk, Madison Hanson, Ben GenZ4BTC, Ainsley Costello, Milania McNair, Cedric Youngelman, Paul Tarantino, Ed Juline, Dr. John Dorrell, Alex Stanczyk, Matty Ice, Dr. Ahmad Ammous, Chris Sullivan, Nick Carpousis, Jake Seifert, Mark Hindley, Alfie Oakes",100,In-Person,bitcoinday-naples-2026-card.webp,"January 17, 2026",,
Bitchill Island Retreat 2026,"January 18-28, 2026",Próspera,,Honduras,,,https://thebitcoindistrict.com/bitchill/,,,In-Person,bitchill-island-retreat-2026-card.webp,"January 18, 2026",,
Plan B Forum El Salvador,"January 30–31, 2026",San Salvador,,El Salvador,,,https://planb.sv/,"Paolo Ardoino, Elizabeth Stark, Adam Back, Saifedean Ammous, Roy Sheinfeld, Giacomo Zucco, Bo Hines, Luna, Jack Mallers, Chris Pavlovski, Rockstar Dev, Stephan Livera, Jimmy Song, Joe Nakamoto, Morena Ileana Valdez Vigil, Luke Dashjr, Peter Todd, Guy Swann, John Carvalho, Nico Moran, Andrew Osheroff, Bitcoin Mechanic, Patrick Witt, Peter Schiff, Giv Zanganeh, Mike Peterson, Knut Svanholm, Franco Amati, Tone Vays, Mathias Buus, Rahim Taghizadegan, Mauricio Di Bartolomeo, Gabriele Varrasi, Alejandra Guajardo Sada, Rocelo Lopes, Jonathan Bier, Roman Martinez, Álvaro D. Maria, Dusan Matuska, Viva Frei, Tipogi, SHAcollision, Juan Sartori, Brian Murray, Oleg Mikhalsky, Josue Lopez, PupusasG, Tomas Ocampo, Dom Bei, Lorena Almada, Btc Andrés, Lorena Ortiz, Viktor Ihnatiuk, Jesse Knutson, Rogzy, Mir Liponi, Dax Sosa, Ariel Aguilar, Alex Witt, Subash, Napoleon Osorio, Hannah Rosenberg, Ronny Avendaño, Skot, Frank Dosk, Dave Rubin, Kilian Rausch, Edgar Borja, Camilo Menéndez, Jose Rodríguez, Carlos Rivas, Marco Argentieri, Jonathan Melton, Tico, Dario Sneidermanis, Gabriel Kurman, Adrián Treviño, Nicolas Schteinschraber, Gregory Charlop, Jorge Cruz Rubio, Darvin Otero, Juan Carlos Reyes, Aaron Murphy, Ian Northon, Alex Voss, Gio, David Mark Clements, Nacho Pauls, Stephen Pollock, Ken Egan, Conner Brown, Caleb Padilla, Piero Coen, Eric Hadley, Erick Brimen, Chris Guida, Jesse Posner, Evelyn Lemus, Jonathan Krane, Patrick Hiebert, Dejan Roljic, Gabor Gurbacs, Lisa, Ryan Gentry, Matteo Giardino, Emile Jellinek, Raquel Raigal, Jonathan Dunne, Daniel R, Mercedes J, Adam Fisk, Rod Roudi, Nathan McCauley, Mauricio Villeda Abdalah, Erik Cason, Walter Maffione, Marco Chiappetta, Ryta, Juan Galt, Carlos Toriello, Max Kei, Ovi Trif, Juan Arias, Jesus Martin Berlanga, Alejandro Muñoz, Jeremy Almond, Ernesto Elías Aharonian, Fredis Molina, Luis Satoshi, Alejandro Galán, Johan Hernandez, Matteo Ferrante, Umberto De Paoli, Daniel Vogel, Valentin Popescu, Tomek K, Jordan Bush, Michael Blankenship, Rudy Gallardo, Paul Itoi, Lynne Bairstow, Pablo Greco, Jon Atack, Sean Bill, Brandon Lutnick, Becca Rubenfeld, Anthony Pompliano, Dhruv Pareek, Nicolas Burtey, Pedro Vital",,In-Person,planb-forum-2026-card.webp,"January 19, 2026",,
Adopting Bitcoin,"January 30–31, 2026",Cape Town,,South Africa,Workshop17 Watershed,,https://za26.adoptingbitcoin.org/,"Hermann Vivier, Stafford Masie, Satoshee, Robert Allen, Ricki Allardice, Nikolai ""OKIN"" Tjongarero, Modibe Matsepane, Martijn van Rooijen, Linda Wambui, Kemal Yaşar, Emily Hughes, Deven Moodley, Destiny Smart, Craig Raw, Cole Tuckett, Carel de Jager, Beverley Ann Schafer, Advaxe Ndayisenga, Ry Sterling, Noelyne Sumba, Ernst Roets, Josef Tětek, John Endres, Fidel Otieno, David Ansara, Cryptosquid, Corlia Nolte, Anita Posch, Kgothatso Ngako, Samantha de Waal, Carel van Wyk, Benjamin de Waal",,In-Person,adopting-bitcoin-cape-town-2026-card.webp,"January 20, 2026",,
Auckland Freedom Forum,"February 6-8, 2026",Auckland,,New Zealand,"Marae Grounds, Tāmaki Makaurau",,https://freedomforum.org.nz/,,,In-Person,auckland-freedom-forum-2026-card.webp,"January 20, 2026",,
Bitcoin Investor Week,"February 9–13, 2026",New York City,New York,United States,Chelsea Piers,,https://www.bitcoininvestorweek.com/,"Anthony Pompliano, Mike Novogratz, Cathie Wood, Anthony Scaramucci, Grant Cardone, Lyn Alden, Brandon Lutnick, Jeff Park, Fred Thiel, Dan Ives, Caitlin Long, Bo Hines, Barry Silbert, Dan Tapiero, Russell Okung, Mark Yusko, Chris Giancarlo, Matt Cole, Ivan Soto-Wright, Bill Miller IV, David Bailey, Robert Mitchnick, Matt Hougan, Mike Belshe, Phong Le, Yoni Assia, Natalie Brunell, Sam Callahan, Evgeny Gaevoy, Jordi Visser, Andrew Parish, Brett Tejpaul, Alexander Leishman, Peter Smith, Brendon Sedo, Christian Lopez, Constantine Karides, Charlie Hu, Shan Aggarwal, Bill Barheydt, Stefan Rust, Rory Murray, David Lawant, Jeb Hensarling, John D'Agostini, Tillman Holloway, Shehzan Maredia","2,000",In-Person,bitcoin-investor-week-2026-card.webp,"January 20, 2026",,
Bitcoin Treasuries Emerging Markets Investor Day,"February 20, 2026",New York City,New York,United States,Pubkey,,https://luma.com/btemid2502,"Ed Juline, Tim Kotzman",50,In-Person,bitcoin-treasuries-emerging-markets-2026-card.webp,"January 20, 2026",,
True North In-Side Event at Strategy World Bitcoin for Corporations,"February 23, 2026",Las Vegas,Nevada,United States,Wynn Las Vegas,Use code FOMO for 10% OFF,https://luma.com/tnb4c26?coupon=FOMO,"Dan Hillery, Mason Foard, James Lavish, Pierre Rochard, Jeff Walton, Matt Gannon, Ben Werkman, Phong Le, Matt Cole, Soleil, Adrian, Manuel Andreani, Mike Belshe, Grain Of Salt, Matt Hougan",150,In-Person,true-north-las-vegas-2026-card.webp,"January 29, 2026",,
Strategy World 2026,"February 23-26, 2026",Las Vegas,Nevada,United States,Wynn Las Vegas,Use code FOMO for 20% OFF,https://www.strategysoftware.com/world26,"Michael Saylor, Phong Le, Thomas Chow, Manuel Andreani, Bill Barhydt, Alex Blume, Conner Brown, Natalie Brunell, Simon Gerovich, Gui Gomes, Gordon Grant, Dax Hansen, Dan Kang, Ranga Kanthadai, Alexandre Laizet, James Lavish, Alex Leishman, Kevin Li, George Mekhail, Duncan Moir, Jesse Myers, Amy Oldenburg, Korok Ray, Austin Reid, Brittany Ruiz, Nisha Surendran, Brett Tejpaul, Andrew Webley, Andrew Kang, Shirish Jajodia, Mike Belshe, Henry Bomby, Matt Cole, Denny Galindo, Steven Halperin, Andrew Harte, Peter Haynes, Dan Hillery, Benjamin Hunnewell, Dylan Leclair, Sean Maher, Mark Palmer, James Priday, Jeffrey Solomon, Lance Vitanza, Jeff Walton, Ben Werkman",501,In-Person,strategy-world-2026-card.webp,"January 20, 2026",,
bitcoin++ - Brazil,"February 26-28, 2026",Florianopolis,,Brazil,ACATE Centro de Inovacao (Saco Grande),Use code FOMO for 10% OFF,https://www.btcplusplus.dev/conf/floripa26,"Niftynei, B10C, Bruno Garcia, ek, Erick Cestari, Francisco Calderón, jaonoctus, Jeff Gardner, Jose Storopoli, Justin Moon, Lucas, Matthew Vuk, Matthew Zipkin, Nickolas Goline, Oscar Lafarga, Sjors Provoost, stutxo, Niklas Gögge ",499,In-Person,bitcoinplusplus-brazil-2026-card.webp,"January 20, 2026",,
Heatpunk Summit 2026,"February 27-28, 2026",Denver,Colorado,United States,The Space,,https://denver.space/heatpunk_summit,,,In-Person,heatpunk-summit-2026-card.webp,"January 20, 2026",,
Sound Money Soiree 2026,"February 28, 2026",Tampa,Florida,United States,The Vault,,https://www.bitcoinbay.foundation/sound-money-soiree,,150,In-Person,sound-money-soiree-2026-card.webp,"January 20, 2026",,
Women of Bitcoin Summit,"March 4-5, 2026",,,,,,https://womenofbitcoin.io,"Natalie Brunell, Efrat Fenigson, Cynthia Lummis, Lyn Alden, Caitlin Long, Isabella Santos, Carla Bitcoin, Mir Liponi, Susie Violet Ward, D++, Hailey Lennon, Janet Maingi, Lauren Sieckmann, Lauren Rodriguez, Lorraine Marcel, Joana Cotar, Carol Souza, Ella Hough, Lynne Bairstow, Laura Brady, Aubrey Strobel, Norma Chu, Lisa Hough, Paula Pendley, Christine Marie Turner, Halston Valencia, El the Freedom Fairy",550,Online,women-of-bitcoin-summit-2026-card.webp,"January 30, 2026",,
Bitcoin Ski Summit,"March 4-8, 2026",Teton Village,Wyoming,United States,Four Seasons Resort & Spa,,https://www.monolithic.tech/v5-bitcoin-ski-summit-2026,"Andrew Burchwell, Kaitlin Savage, Mario Gutierrez, Stephen Barbour, Trent Stout, Rory Murray, Matt Williams, Michael Kaine, Rob Hamilton, Alex Gladstein, Leopoldo Lopez, Paul Itoi, Will J, Elliott Campbell, Jessy Gilger, Mostafa Al-Mashita, Robert Harrington, Frank Caligiuri, Blaine McCollum, Zac Townsend, Lisa Hough, Brent Whitehead, Dan Lawrence, Erik Ellingson, Russell Cann, William Foxley, Irene Gao, Manash Goswami, Will Baxter, Mechanic, Mike Colyer, Nick Hansen, Justin Dorey, MADEX, Matt Margetts, Oskar Rozenberg, Amanda Cavaleri, Alex Dischinger, Jon Keen, Seb Bunney",,In-Person,bitcoin-ski-summit-2026-card.webp,"January 20, 2026",,
Bitcoins @ Infinite Games,"March 4-22, 2026",Roatán,,Honduras,Prospera,,https://bitcoingames.lovable.app/,,80,In-Person,bitcoin-infinite-games-2026-card.webp,"January 29, 2026",,
Bitkiwi XV,"March 7, 2026",Christchurch,,New Zealand,Dux Central,,https://kiwibitcoinguide.org/home/bitkiwi-meetups/bitkiwi-xv-february-28th-2025-christchurch/,,,In-Person,bitkiwixv-2026-card.webp,"January 20, 2026",,
Bitcoin Bush Bash - Beechworth,"March 13–15, 2026",Beechworth,,Australia,,,https://bitcoinbushbash.info/beechworth/,,,In-Person,bitcoin-bush-bash-2026-card.webp,"January 20, 2026",,
Satoship 2026,"March 20-22, 2026",Rapperswil-Jona,,Switzerland,Hensa Schiffahrt,,https://bitcoinblock.study/satoship/,"Andreas Ruby, Laura Nori, Dennis Beck, The Wise Rabbit, Jan Wanderlust, Rikki Frega, Tobias Grünenfelder, Bri, Lady Block Jane, Lea Kelwin, Patrick Schätz, Patrick Linus, Evi Wimmer, Korina Karl, Peter Montgelas",100,In-Person,satoship-2026-card.webp,"January 26, 2026",,
Japan Bitcoin Future Forum,"March 25, 2026",Yokohama,,Japan,Pia Arena MM,,https://portal.metaplanet.jp/en/events/japan-bitcoin-future-forum,,,In-Person,japan-bitcoin-future-forum-2026-card.webp,"January 30, 2026",,
CheatCode,"March 26–29, 2026",Bedford,,England,Bedford Corn Exchange,,https://www.cheatcode.co.uk/,"Lyn Alden, Jack Mallers, Peter McCormack, Danny Knowles, American HODL, Andrew Webley, Archie, Becca Rubenfeld, Ben Arc, Bradley Rettler, Checkmate, Erik Hersman, Freddie New, Izabella Kaminska, Joe Bryan, Joe Nakamoto, Knut Svanholm, Mark Suman, Matthew Mezinskis, Michel Gustavsson, Obi Nwosu, Rob Hamilton, Susie Violet Ward",,In-Person,cheat-code-2026-card.webp,"January 20, 2026",,
BitBlockBoom,"April 9-12, 2026",Ft. Worth,Texas,United States,Hyatt Place Fort Worth Historic Stockyards,Use code FOMO for 10% OFF,https://bitblockboom.com/?coupon=fomo,"Jimmy Song, Joe Kelly, Cory Klippsten, Buck Perley, Beau Turner, Brady Swenson, Mauricio Di Bartolomeo, Kent Halliburton, Parker Lewis, Mechanic, Rustin Peace, Adam O’Brien, Angela McArdle, Pierre Rochard, Morgen Rochard CFA, Uncle, Colin Crossman, Katie Ananina, Bob Burnett, Lawrence Lepard, George Bodine, Mel Sands, John Sostak, Kristine Cranley, Guy Swann, Luke Broyles, Nico, Staci, George Costopoulos, HODL Tarantula, Tim Fox, Lynne Bairstow, Michael Tidwell, Doug Morton, Matt Hill, Jason Keil, Michael You Know, Jonathan Kohn, Tyler Stevens, Carlos T, Jon Gordon, Lauren Rodriguez, Dr Michael Kelly, Tyler Schmuhl","1,200",In-Person,bitblockboom-2026-card.webp,"January 20, 2026",,
MIT Bitcoin Expo,"April 11-12, 2026",Cambridge,Massachusetts,United States,,,https://mitbitcoinexpo.org/,,,In-Person,mit-bitcoin-expo-2026-card.webp,"January 20, 2026",,
OPNEXT 2026,"April 16, 2026",New York City,New York,United States,The Times Center,,https://opnext.dev/,"Antoine Poinsot, Mike Schmidt, Robert Mitchnick, Jonas Nick, Ethan Heilman, Salvatore Ingala, Calle, Alex Pruden, Robin Linus, Liam Eagen, Misha Komarov, Nick Hansen, David Duong",150,In-Person,opnext-2026-card.webp,"January 20, 2026",,
Bitchill s03,"April 16-25, 2026",Roatán,,Honduras,Prospera,,https://luma.com/wkoxeb9m,,31,In-Person,bitchill-s03-2026-card.webp,"January 29, 2026",,
bitcoin++ - Nevada,"April 23-24, 2026",Hoover Dam,Nevada,United States,Hoover Dam Spillway House,Use code FOMO for 10% OFF,https://www.btcplusplus.dev/conf/vegas,,100,In-Person,bitcoinplusplus-nevada-2026-card.webp,"January 20, 2026",,
Swiss Bitcoin Conference,"April 23–26, 2026",Kreuzlingen,,Switzerland,,,https://swiss-bitcoin-conference.com/,"Marc Friedrich, Marco Bühler, Florian Bruce-Boye, Niko Jilch, Dr. Pius Sprenger, Serge Kaulitz, Mark Valek, Rino Borini, Dr. Ayhan Celebi, Julian Liniger, Joe Martin, Robin Seyr, Robert Vitye, Rahim Taghizadegan, Sascha Grumbach, Ronnie Grob, Alex Saile, Dominik Galić, David Knezić, Sibylle Eberle, Nathaly Lenz, Lisa Tscherry, Cédric Schmid, Moritz Kaminski, Felix Frei, Thomas Lohbeck, Peter Rochel, Christian Naef, Fab, Ernst Heller, Alexander Arisi, Daniel Tröster, Jens Leinert, Beat Gubser, Renato Schaer, Alexandre Flory Samartino, Ralf Metz, Werner Liechti, Sebastian Markowsky, Filip Balonis, Markus Turm, Dominik Nordkurve, Timo Volkov",,In-Person,swiss-bitcoin-conference-2026-card.webp,"January 20, 2026",,
Unconfiscatable,"April 27, 2026",Las Vegas,Nevada,United States,,,https://unconfiscatable.com/,Tone Vays,,In-Person,unconfiscatable-2026-card.webp,"January 20, 2026",,
Bitcoin 2026,"April 27-29, 2026",Las Vegas,Nevada,United States,The Venetian,Use code FOMO for 10% OFF,https://tickets.b.tc/affiliate/fomo/event/bitcoin-2026,"Michael Saylor, Paul Atkins, Mike Selig, David Bailey, Eric Trump, Jack Mallers, Cynthia Lummis, Adam Back, David Marcus, Matt Schultz, Fred Thiel, Simon Gerovich, Danielle DiMartino Booth, Brent Johnson, Arthur Hayes, Peter McCormack, Caitlin Long, Patrick Witt, Natalie Brunell, Frank Holmes, Kenny Florian, Marty Bent, Matt Odell, Irene Gao, Jeff Booth, Miles Suter, Curtis Yarvin, Dave Ripley, Faryar Shirzad, Alex Gladstein, Alex Leishman, Paul Grewal, JP Richardson, Phong Le, Aaron Arnold, Aaron Burnett, Aaron Daniel, Aaron Ginn, Aaron van Wirdum, Adam Reeds, Adam Saunders, Afroman, Aleš Michl, Alessandro Cecere, Alexander Blume, Alexander Lozben, Alexandre Laizet, Alex Dischinger, Alex Lewin, Alex Pruden, Alex Schaefer, Alex Thorn, Alex von Frankenberg, Ali Tager, Allen Helm, Álvaro D. María, Amanda Fabiano, American HODL, Anaïse Kanimba, Andrew Begin, Andrew Gordon, Andrew Lunde, Andrew McCormick, Andrew Poelstra, Andrew Tilmann, Andy Edstrom, Andy Schoonover, Anthony Magliacca, Anthony Power, Ariel Deschapell, Arsh Molu, Austin Arnold, Austin Kelsay, Avi Burra, Avik Roy, Aviral Shukla, Bastien Taquet, Beau Turner, Becca Rubenfeld, Ben Ashara, Ben Carman, Ben GenZ4BTC, Ben Jarvie, Ben Kaufman, Ben Kincaid, Ben QnA, Billy Boone, Bisher Khudeira, Bootoshi, Brad Cuddy, Bradley Peak, Braeden Ruddock, Brandon Black, Brandon Gentile, Brandon Keys, Brent Whitehead, Brian Conslovo, Brian De Mint, Brian Dixon, Brian Harrington, Brian Hirschfield, Brian Jack, Brianna Honkawa d’Estries, Bruce Barone Jr., Bruce Fenton, Bruno Garcia, BTC Sessions, Buck Perley, calvadev, Carla Bitcoin, Carly Benson, Charles Edwards, Charles Lecuyer, Charley Brady, Charlie Spears, Chef Pete Evans, Chester Ney, Chris Kuiper, Chris Lane, Chris Seedorf, Christian Papathanasiou, Christopher Calicott, Christopher David, CJ Konstantinos, Clara García Prieto, Clara Shikhelman, Cody Carbone, Colin Crossman, Colin Harper, Colin Sullivan, condition, Conor Chepenik, Constantine Karides, Craig Warmke, Cris Cyborg, Curtis Harris, Dana Criswell, Dan Hersey, Daniel Jonsson, Danielle Monet, Dan Koehler, Danny Condon, Danny Knowles, Dan Webb, David Chernis, David Lange, David Seroy, David Strayhorn, Dennis Koch, Dennis Porter, D++, Derek Orr, Derek Ross, Dhruv Bansal, Dhruv Patel, Di Lewis, Dom Bei, Dominik Wanzowitsch, Dr. Christian Smith, Drew Armstrong, Duncan Coombe, Dylan LeClair, Efrat Fenigson, Ekrem Bal, Ella Hough, Emily Kapur, Eric Hadley, Eric Thompson, Eric Voskuil, Eric Yakes, Erik Cason, Erik Cativo, Erik Kellogg, Erin Crawford, Erin Redwing, Ethan Marcus, Evan Kaloudis, Evan Mawarire, Fabian Jahr, Filip Primec, Floppy, Francesca Failoni, Francis Mars, Frank Corva, Gabriel Kurman, Garret Kelly, Gary Vecchiarelli, George Mekhail, Gio Galt, Glenn Miller, GMONEY, Gordon Grant, Graham Krizek, Grant McCarty, Greg Carson, Greg Cipolaro, Gregg Davis, Guido Hülsmann, Hailey Lennon, Halston Valencia, Harry Sudock, Harsha Goli, Harvey Blom, Heather Keyes, Hector Alvero, Hodl Dee, Hodl Tarantula, Hunter Albright, Hunter Beast, Idan Abada, Igor Istratov, Isabel Foxen Duke, Isabella Santos, Jack Kluczniak, Jacob Langenkamp, Jake Claver, James O’Beirne, James Poulos, James Stephens, Janessa Lopez, Janice McAfee, Janusz, Jan Warmus, Jaran Mellerud, Jason Fang, Jason Goodman, Jayson Browder, Jay Zapata, J, Jeff Gardner, Jeff Park, Jeffrey Li, Jeffrey Thomas, Jeff Vandrew Jr., Jennifer Harding-Marlin, Jeremy Rubin, Jeremy Singer, Jesse, Jesse Posner, Jesse Shrader, Jethro Toro, Jhonny, Jim Justice, Jimmy Kostro, Jody Mettler, Joe Carlasare, Joe Corsi, Joe Dillon, Joe Kelly, Johann Kerbrat, John Dennehy, John Drew, John Koudounis, John Paul Baric, Jonas Nick, Jonathan Bier, Jonathan Kirkwood, Jon Gordon, Jordan Guess, Jordan Urbs, Joseph Ma, Joseph Wang, Josh Hendrickson, Julia Duzon, Julian Figueroa, Justin Dorey, Justine Bone, Justine Harper, Justin Moon, Kara Calvert, Katie The Russian, Keith Gardner, Kellie Okonek, Ken Egan, Kent Halliburton, Kevin Kelly, Kevin Loaec, Khing Oei, Kolin Burges, Korok Ray, Kosta Ouzas, Kristyna Mazankova, Kyle Schneps, Larry Spraker, Lauren Rodriguez, Lee Salminen, Leon Johnson, Leon Wankum, Leo Wang, Liam Eagen, Lisa Hough, Liz Parrish, Luke Rudkowski, Lynne Bairstow, Lyn Ulbricht, Madison Hanson, Mags Gronowska, Marc Syz, Marianne Miller-Meeks, Mark Moss, Mark Suman, Marshall Long, Mathieu Agee, Matt Ballensweig, Matt Cole, Matt Crosby, Matthew Carson, Matthew Sigel, Matthew Vuk, Matt Hill, Matt Hougan, Matt Kita, Matt Luongo, Matt Mosich, Matt Prusak, Matt Weinberg, Matt Williams, Mauricio Di Bartolomeo, Max Guise, MEAR ONE, Megan Brooks-Anderson, Mel Sands, Micah Warren, Michael Goldstein, Michael Schmid, Michael Sullivan, Michael Terpin, Michael Tidwell, Michelle Weekley, Mike Brock, Mike Casey, Mike Coffey, Mike Lawler, Mike Oshin, Mike Schmidt, Mike Segal, Milan de Reede, Miles Jennings, Miles Paschini, Milton Todd Ault III, Misha Komarov, Mitchell Askew, Naomi Brockwell, Nathan Fitzsimmons, Nicholas Marino, Nick Begich, Nick Hansen, Nicki Sharma, Nico Moran, Nico Smid, niftynei, Nir Rikovitch, Nishant Sharma, Noa Gruman, Nolan Bauerle, Nuri Katz, OpenMike, OpnState, Patrick Lowry, Paula Iversen, Paul Keating, Paul Lee, Paul Rosenberg, Paul Sztorc, Paul Tarantino, Pedro, Peng Li, Perianne Boring, Peymon Mottahedeh, Pierre-Luc Dallaire-Demers, Rachel Silverstein, Rami Alsridi, Rapha Zagury, Rare Scrilla, RAS, Rational Root, Red Sheehan, Richard Byworth, Rick Margerison, Roberto Rios, Robert Weinstein AKA Crypto Damus, Rob Hamilton, Robin Linus, Robin Seyr, Rob Massey, Rockstar Dev, Roger Huang, Roland Bewick, Rory Murray, Roya Mahboob, Roy Sheinfeld, Ryan Gentry, Ryan Kuester, Salman Khan, Sal Pineda, Sam Callahan, Sam Kazemian, Sam Konigsberg, Sam, Sasha Hodder, Satsie, Scooter Womack, Scott Dedels, Scott Marmoll, Scott Millar, Sean McDonough, Sergio Chaverri, Seth For Privacy, Shawn Leary, Shawn Owen, Shinobi, Shodipo Ayomide, Shone Anstey, Shooter, Shyan Hussain, Sindura Saraswathi, Sisun Lee, Skot, Spacebear, Spencer Nichols, Srđa Popovic, Staci Costopoulos, Stefania Barbaglio, Štěpán Uherík, Stephan (stickies-v) Vujlstek, Stephen Barbour, Stu, Subterranean, Suelyn Wang, Susie Violet Ward, Tadge Dryja, Taras Kulyk, Tatum Turn Up, Taylor Monnig, TC, Terence Michael, Thomas Pacchia, Timo Steipe, Tim Savage, Tommy Marcheschi, Tom Taber, Tony Beck, Tor Ekeland, Tracy Hoyos-Lopez, Trey Sellers, Troy Cross, Tyler Stevens, Tyler Wood, Urban Lavrenčič, Vick Bathija, Vijay Selvam, Vortex, Walker America, WantClue, Webworthy, Wesley Schlemmer, William Casarin, Will Reeves, Will Su, Wright Wang, Wyatt O’Rourke, Xander Wu, Ying Tong Lai, Zach Herbert, Zach Nunn, Zach Wischler, Zack Shapiro, Zac Townsend","15,000",In-Person,bitcoin-2026-card.webp,"January 20, 2026",,
Bitcoin Burgenland 2026,"May 8, 2026",,,Austria,,,https://www.rettedeingeld.at/bitcoin-burgenland-2025/,"Niko Jilch, Florian Bruce-Boye, Stefan Willau, Prof. Peter Kotauczek, Larissa Kravitz, Florian Lentsch, Mark Valek, Dr. Ayhan Celebi, Thomas Ebner, Patrick Stich, Alex von Frankenberg, Florian Wimmer, Lars Eichhorst, Matthias Reder",,In-Person,bitcoin-burgenland-2026-card.webp,"January 20, 2026",,
MAD Bitcoin Summit,"May 9-12, 2026",Madrid,,Spain,,Use code FOMO for 10% OFF,https://madbitcoinsummit.com/,"Bradley Duke, Alexandre Laizet, Richard Byworth, Efrat Fenigson, Carlos Salinas, Ruben Ayuso, Román Gonzalez, Jesus Perez Sanchez, Jose Antonio Bravo, Eneko Knörr, Ed Juline, Timothy J. Kotzman, Javier Pineda, André Dragosch, Yves Choueifaty, Norma Chu, Andrew Webley, Sam Roberts, Javier Pastor Moreno, Álvaro D.María, Cristina Carrascosa, Esaú Rojo, Daniel Batten, Charlene Hill Fadirepo, Joe Bryan, Alejandra Guajardo, Max Kei, Knut Svanholm, Alberto Mera, Juan Pablo Moraga, Ariel Aguilar, Clara García Prieto, Iñaki Zubeldia, Jordi Llonch Esteve, Adrián Bernabéu, Guillaume Bajczman, Omar Lopez, Dr. Khushboo Khullar, Arash Nasri, Lyudmyla Kozlovska, Jordy Den Toom","1,500",In-Person,mad-bitcoin-2026-card.webp,"January 20, 2026",,
Tuscany Lightning Summit 2026,"May 12-13, 2026",Viareggio,,Italy,Principino,,https://tuscanysummit.com/,,,In-Person,tuscany-lightning-summit-2026-card.webp,"January 23, 2026",,
Bitcoin Bush Bash - Byron Bay,"May 15-17, 2026",Byron Bay,,Australia,,,https://bitcoinbushbash.info/byron-bay/,,,In-Person,byron-bay-bitcoin-bush-bash-2026-card.webp,"January 20, 2026",,
Bitcoin Economic Forum 2026,"May 15-17, 2026",Bretagne,,France,,,https://www.breizhbitcoin.com/bitcoin-economic-forum/,,,In-Person,bitcoin-economic-forum-2026-card.webp,"January 20, 2026",,
Bitcoin is for Everyone,"May 22-23, 2026",Portland,Oregon,United States,Revolution Hall,Use code FOMO for 10% OFF,https://bitcoinisforeveryone.com/,,250,In-Person,bitcoin-is-for-everyone-2026-card.webp,"January 20, 2026",,
Bitcoin Ireland Conference,"May 22-24, 2026",Dublin,,Ireland,The Green Isle Hotel Dublin,Use code FOMO for 10% OFF,https://bitcoinireland.eu/,"Jordi Llonch Esteve, Rusudan Koniashvilid, Karl Deans, Knut Svanholm, British HODL, Francesco Madonna, Daniel Prince, Dr. Peter Connor, Robin Seyer, Claire Marrinan, Paul Rogers, Ross Edwards, Robin Thatcher, Dinny Collins, Ciaran Doyle, Max Hillebrand, Chris Mclaughlin, Claire Marrinan, Pablo Saxtron, Badders, Grafton Clark, Theo Mogenet, Ben Weeks",750,In-Person,bitcoin-ireland-conference-2026-card.webp,"January 20, 2026",,
Bitcare Forum,"May 23, 2026",Brescia,,Italy,Clerici Theater,,https://bitcareforum.it/,"Rikki, Gigi Turla, Guybrush, Federico Rivi",,In-Person,bitcare-forum-2026-card.webp,"January 20, 2026",,
bitcoin++ - Austria 2026,"May 27-28, 2026",Vienna,,Austria,Weitsicht Cobenzl,Use code FOMO for 10% OFF,https://www.btcplusplus.dev/conf/vienna,,,In-Person,bitcoinplusplus-austria-2026-card.webp,"January 20, 2026",,
Bitcoin Treasuries Unconference UK 2026,"May 29, 2026",Bristol,,England,Bristol Beacon,Use code FOMO for 10% OFF,https://www.smarterwebcompany.co.uk/bitcoin-treasuries-unconference-uk/fomo/,"Ed Juline, Tim Kotzman",500,In-Person,bitcoin-treasuries-unconference-uk-2026-card.webp,"January 27, 2026",,
Barcelona Cyphers Conference,"May 29-30, 2026",Barcelona,,Spain,La Salle Campus Barcelona,,https://www.bcc8333.xyz/,"General Kenobi, Bebop, CryptoSquid, Bitmaker, Alberto Mera, Efrat Fenigson, El Gorila, Alfre Mancera, Entropy, Unhosted Marcellus, ButtercupRoberts, Stoa Otter, Soy Tierra Fértil, Chavo The Druid, Landabaso, Jordi Llonch, Kilian Rausch, Dr. Khushboo Khullar, Verbiricha, LN Losku",300,In-Person,barcelona-cyphers-conference-2026.webp,"March 22, 2026",,
Oslo Freedom Forum,"June 1–3, 2026",Oslo,,Norway,Oslo Konserthus Plaza,,https://oslofreedomforum.com/,,,In-Person,olso-freedom-forum-2026-card.webp,"January 20, 2026",,
Bitcoin FilmFest 2026,"June 4-7, 2026",Warsaw,,Poland,Kinoteka,,https://bitcoinfilmfest.com/,,210,In-Person,bitcoin-film-fest-2026-card.webp,"January 20, 2026",,
Bitcoin Corporate Day 2026 by Bitwise,"June 10, 2026",Prague,,Czech Republic,,,https://www.bitcoincorporateday.com/,,,In-Person,bitcoin-corporate-day-2026-card.webp,"January 20, 2026",,
Freedom Tech Summit,"June 10, 2026",Prague,,Czech Republic,Hotel Duo,,https://freedomtechsummit.com/,"Max Hillebrand, Juraj Bednár, Calle, Niftynei, Thomas Voegtlin, Roman Zeyde, Josh Datko, Dieg, Erik De Smedt, Stephan (Enzy) Oeste, Baudoin Collard, Salvatore Ingala, Ramin Taghizadegan, Walter Haffner, Tomek K, Schwarzt, Ady Shimony, Thomas Farstriker, Duncan Dean, Javier Álvarez, Johnny 9, Stephan Völkste, Alena Vranova, Uren Zoler, Tanja Bächle, Bert de Groot, Federico Tenga, Jose AP, Nathan Day, Ross Savage, ghost43, Daniel Steigerwald, Alekos Filini, Marco Argentieri, Philipp Hoenisch, Carlos Garcia Ortiz, Djuri Baars, Vincenzo Palazzo, Martin Habovstiak, Jameson Lopp, Olivier Gugger, Kalle Rosenbaum, Rigel Walsh, Peter Todd, Henrik Skogstrom, Pierre Corbin, Calvin Kim, Igor Korsakov, Christian Lewe, Tobin C. Harding, Toni Appelberg, David Goulet, Julio Garcia, Horacio Herrera, Elsirion, Conor Okus, Peter Young, Ben Arc, Vlad Stan, Yvette, Aljaz Ceru, Jesse De Wit, Gloria Zhao, Michael Buonomo, Roy Sheinfeld, Gabo Beaumont, William Casarin, Hennadii Stepanov, Carla Kirk-Cohen, softsimon, michael1011, Tony Kubera, Avi Burra, Derek Ross, Jordi Montes, Antoine Poinsot, prettyGood, opengs, notetool, Charles Hill, Rogzy, Miljan Braticevic, Aleks Svetski, Calvadev, Christian Decker, Christoph Ono, Erik Cativo, sovereignzy, Johns Beharry, Kieran, Martti Malmi, Michael Maase, Mogashni Miko, Pablo72, Patricia, Paolo Scardento, Pavol Rusnak, Ralf, Rockstar Dev, Simon Smith, Sjors Provoost, Yashraj, Zach Meyer, Kedmher, Kevin Loaec, Evan Linjin, Daniela Brozzoni, Elias Rohrer, Timothy Allen, Evan Kaloudis, Kwindle De Backer, JoshBale, Édouard Paris, Christoph Stenglein, Rikki, Laura, Anders Jensen, Stephan Livera, Joe Nakamoto",,In-Person,freedom-tech-summit-2026-card.webp,"February 9, 2026",,
BTC Prague,"June 11-13, 2026",Prague,,Czech Republic,PVA Expo Praha,Use code FOMO for 10% OFF,https://btcprague.com/?promo_id=35835&promo_key=eb83bf115bc6bae5aaad1bc19a4962e9,"Michael Saylor, Jack Mallers, Natalie Brunell, Roman Reher, Efrat Fenigson, BTC Sessions, Jack Dorsey, Dr. Adam Back, Jeff Booth, Bradley Duke, Marc Friedrich, Niko Jilch, Dr. Jack Kruse, Julian Liniger, Alekqs, Rodolfo Andragnes, Helena Andrejko, Nicholas Anthony, Ioni Appelberg, Imo Babics, Tanja Bächle, Martina Bacíková, Javier Bastardo, Douglas Bakkum, Tomáš Bára, Oren Ben-Dor, Juraj Bednár, Jan Berka, Adem Bilican, Sean Bill, Eric Blackstone, George Bodine, Alexey Bragin, Florian Bruce Boye, Joe Bryan, Richard Byworth, Sam Callahan, Roberto Cedolin, Claire Chisholm, Yves Choueifaty, Chris Seedor, Adam Chvaja, Matt Cole, Will Cole, Dr. Peter Connor, Wouter Constant, Cotsoor, Ben Cousens, D++, Nathan Day, Jason Deane, Alfonso Delgado, John Dennehy, Benjamin de Waal, Samantha de Waal, Luke de Wolf, Mauricio Di Bartolomeo, Thomas Doyle, André Dragosch, Jan Dvořák, Tomas Dzurilla, Sybille Eberle, Scott Ellam, Shawn Engleman, Nikita Eriashev, Luca Esposito, Nick Farrow, Julian Figueroa, Lloyd Fournier, Sebastian Frank, Marco Giorgetti, Richard Green, Martin Gregor, Paolo Guarnerio, Michael Haase, Erik Hersman, Javier Hermosa Martin, Max Hillebrand, Brian Hirschfield, Martin Hobza, Rob Holub, Petr Horák, Michael Howe, Lukáš Hozda, Hubertus the Austrian, Florence Humblet, Nell Hunter, Luca Infeld, Paula Iversen, Marcin Jakubowski, Eugene Jarecki, Thomas Jeegers, Hynek Jína, Michael Jordan, Kirill Juran, Jan Juránek, Ivo Kadlic, Evan Kaloudis, Brandon Keys, Viliam Klamarčík, Jakub “Kicom” Vejmola, Fred King, Kristian Kläger, František Kohout, Jan Komárek, Valentin Kosanovic, Jimmy Kostro, Štěpán Kouba, Lyudmyla Kozlovska, Radim Kozub, Bruno Krauss, Josef Kříž, Matěj Kříž, Veronika Kütt, Jana Kubalová, Don (Man Like Kweks) Kweka, Marek Kyrsch, Jaroslav Lachký, Alexandre Laizet, Mariel Lang, Jos Lazet, Julien Lederer, Matouš Ledvina, Jack Lee, Alexander Leishman, Robin Linus, Mir Liponi, Stephan Livera, Cristina Llamas, Lunaticoin, Pavol Lupták, Ryan MacLeod, MADEX, Raj Maitra, Martti Malmi, Martin Matejka, Francis Mars, Román Martínez, Dušan Matuška, Matt McClintock, Matthew Mežinskis, Oleg Mikhalsky, Luke Mikic, Theo Mogenet, Bart Mol, Tomáš Najman, Joe Nakamoto, Lars Näther, Igor Neumann, Alexander Neumüller, Freddie New, niftynei, Craig Nilsson, Michal Novák, Michal Nýdrle, Vít Obrusník, Maximilian Obwexer, Nina Pan, Nacho Pauls, Filip Pawczyński, Maurizio Pedrazzoli Grazioli, Jaroslav Petr, Alex Pilař, Plan C, Francis Pouliot, Clair Prince, Daniel Prince, Kaitlyn Prince, Seth for Privacy, Harald Rauter, Nicolás Rincón, Federico Rivi, Dominik Roček, Rockstar Dev, Jessica Rose, Paul Rosenberg, Alex Roupell, Himanshu Sahay, Danny Sanders, Giovanni Santostasi, S. Saurabh, Helmut Schindlwick, Jan Šetina, Robin Seyr, Nicki Sharma, Skot 9000, Sminston With, Stefan Smith, Jimmy Song, Tomáš Sušánka, Knut Svanholm, Aleksandar Svetski, Swiss Hodler, Rahim Taghizadegan, Ondřej Tesárek, Josef Tětek, Robin Thatcher, Lea Thompson, Nicolai Tjongarero, Peter Todd, Max Tolmachev, Taťána Turková, Štěpán Uherík, Anarchista Urza, Tomáš Vaic, Lubomír Valík, Jakub Valníček, Jānis Varkals, Stanislava Vassová, Hermann Vivier, Markus Vorsmann, Alex von Frankenberg, Alena Vránová, Dominik Výborný, Jordan Walker, Jeff Walton, Ryta de Crypt, Susie Violet Ward, Fabian Weber, Eric Weiss, Ben Werkman, Freddie Wernerman, Bill Wirtz, Tony Yazbeck, Petr Žabža, Matěj Žák, Filip Zavoral, Giacomo Zucco, FractalEncrypt, House of Ralfus","6,000",In-Person,btc-prague-2026-card.webp,"January 20, 2026",,
bitcoin++ - Kenya 2026,"June 17-20, 2026",Nairobi,,Kenya,Pride Inn Azure,Use code FOMO for 10% OFF,https://www.btcplusplus.dev/conf/nairobi,,100,In-Person,bitcoinplusplus-kenya-2026-card.webp,"January 20, 2026",,
Camp Nakamoto 2026,"June 18-21, 2026",Mirror Lake,,New Hampshire,Sandy Island,,https://www.campnakamoto.com/,,100,In-Person,camp-nakamoto-2026-card.webp,"January 20, 2026",,
The Bitcoin Rodeo 2026,"June 25-26, 2026",Calgary,,Canada,The Grand Theatre,,http://bitcoinrodeo.com/,"Tatum Turn Up, Aleksandar Svetski, Tomer Strolight, Lisa Hough, MADEX, Ben Perrin, Nolan Bauerle, Adam O’Brien, Mark Jeftovic, Justin Dorey, Scott Dedels, Nathan Fitzsimmons, Mike Cook, Jon Tellis, Dave Bradley",400,In-Person,bitcoin-rodeo-2026-card.webp,"February 28, 2026",,
The Bitcoin Paradigm 2026,"June 26-27, 2026",Neuchâtel,,Switzerland,Coworking Blockchain Neuchâtel,,https://leparadigmebitcoin.ch/home,,,In-Person,le-paradigme-bitcoin-2026-card.webp,"January 29, 2026",,
Bitcoin Alaska,"July 1-6, 2026",Juneau,Alaska,United States,,,,,,,,,X,
Mallorca Blockchain Days 2026,"July 9-12, 2026",Palma,,Spain,Mar Hotels Playa Mar & Spa,,https://mallorcablockchaindays.com/index.html,"Amir Taaki, Richard Werner, Christian Rotzoll, Thomas Voegtlin, Victoria Jones, Kristian Csepcsar, Summer Meng, Robin Thatcher, Jed Grant, The CryptoDonkey, Aaron Koenig, Chris Luecke",,In-Person,mallorca-blockchain-days-2026-card.webp,"January 20, 2026",,
Mining Disrupt,"July 21-23, 2026",Miami,Florida,United States,Miami Convention Center,,https://miningdisrupt.com/,"Delio Pera, Doug Wilson, Frank Holmes, Luke Rossy, Michael Jerlis, Ally Quan, Dan Koehler, Juergen Waithera, General Kenobi, Luke Dashjr, Optimist Fields, Rustin Watt, Nico Moran, Rice Lummis, Ethan Ellenberg, Amanda Chang, Paul Li, Ian A. Northon, Bitcoin Mechanic, Mark Artymko, Nacho Pauls, Joseph Chu, Adam Wiggins, Ronald Bynoe, Andy “PizzAndy” Prokopyk, Dane Sjoden, Trevor Bello, Cade Peterson, David Kennedy, Sydney Bright, Timo Steipe, Shirley Segal, Rick Margerison, Kapeikin Andrei, Emma Todd, Javier Hermosa, Jill Ford, Michelle Zhang, Alex Dischinger, Scott Offord, Ryan Lackey, Bryan Hurwitz, Denny Xing, Matt Quinn, Hobbyist Miner, Nick Burley, Sean McDonough, Justin McAfee, Dan Lawrence, Dan Liu, Tony Peng, Ankit Joshi, Dennis Porter, Eryka Gemma, Yifan HU, Scot Johnson, Ben Weng, Payne Gong, Chuch L’Ecuyer, Wright Wang, Barun Kar, Skot, Peng Li, Samson Mow, Ben Perrin, Matthew Sigel, Bryce McNallie, Anthony Power, Asher Genoot, Ann Willmott, Alan Gallo, Wendy Huang, CJ Burnett, Shannon Squires, Curtis Harris, Lawrence Lepard, Ziling Yu, Paphy Cai, Steve Gao, Grace Huang Chivers, Andrii Garanin, Rex Liu, Summer Meng, Sidonia Wang, Edward Guo, Tina Zhao, Reza Azizian, Vincen Zhang, Charles Lin, Ben Johnson, Gary Berwick, Kaiping Wang, Andy Wang, Bryan Posthumus, Danny James, Mia Xu, Carmen Li, Ben Thomison, Jolie Kahn, Perry Hothi, Joshua Bell, Matt Prusak, Mike Hamilton, Evan Talbot, Jim Moran, Steven Eliscu, David Chernis, Max Matrenitski, Alexander Lozben, Gabriel Lamas, Tech Hustler, Rapha Zagury, Ryan Miller","4,000",In-Person,mining-disrupt-florida-2026-card.webp,"January 20, 2026",,
bitcoin++ - Canada 2026,"July 22 - 24, 2026",Toronto,,Canada,The Great Hall,Use code FOMO for 10% OFF,https://www.btcplusplus.dev/conf/toronto,"conduition, Fabian Jahr, Gregory Sanders, Chris Guida, Steven Roose, Julian Moik, Aleksa Jovanovic, annabelleshalom, Calvin Kim, Christian Lewe, Edil Medeiros, Isabel Foxen Duke, James Pierog, Jerry Qian, Josh Doman",100,In-Person,bitcoinplusplus-canada-2026-card.webp,"January 20, 2026",,
Bitcoin Bush Bash - Palm Cove,"July 24-26, 2026",Palm Cove,,Australia,,,https://bitcoinbushbash.info/palm-cove/,,,In-Person,palm-cove-bitcoin-bush-bash-2026-card.webp,"January 20, 2026",,
Lake Satoshi Retreat,"July 31-August 2, 2026",,Michigan,United States,,,https://www.lakesatoshi.com/annual-lake-satoshi-retreat,,,In-Person,lake-satoshi-retreat-2026-card.webp,"January 20, 2026",,
Acelerando Bitcoin,"August 12-13, 2026",Asuncion,,Paraguay,Paseo La Galeria,,https://acelerandobitcoin.com/,"Moon, Seiji Arata, Ignacio Pauls, Aydin Kilic, Rahim Taghizadegan, Max Hillebrand, Caius Leta, Alan Schramm, Jan Kotas, Delia Garcete, Gabriela Battiato, Michael Margiotta, Avi Burra, Bernardo Braga, Björn Schmidtke, Lucas Ferreira, Napoleon Osorio, Eduarda Lobato, Fabio Silva, Ernesto Aharonian, Emilio Pereira, Bruno Vaccotti, Franzap, Elliot David, Ariel Aguilar, Short Fiat, Isabela Coser, Alena Vránová, Quentin Ehrenmann, Alex Recouso, Pati Barbosa, Felipe Ojeda, Hiro, Roman Martinez, Mike Peterson, Bilthon, Bruno Oliveira, Stelios Rammos, Paul Kittson, Viviana Van Cayzeele, Vincent, Anna Ritchik, Vitor Araujo, Daiana Gomez, Eduardo Jatahy, Juan Pablo Moraga, Bitmaker, Paul Hanson, Wave, Gabriel Lamas, Rodolfo Andragnes, Fredis Molinas, Eduardo Prospero, Nelson Cardozo, Cecilia Llamosas",,In-Person,acelerando-bitcoin-2026-card.webp,"January 20, 2026",,
Bitcoin Beyond 66,"August 14, 2026",Bodø,,Norway,Stormen Concert Hall,Use code FOMO for 10% OFF,https://www.satlantis.io/events/1583/Bitcoin-Beyond-66,,90,In-Person,bitcoin-beyond-66-2026.webp,"February 12, 2026",,
Bitcoin Vibecamp,"August 17-22, 2026",Roatán,,Honduras,Prospera,,https://bitcoinvibe.camp/,,50,In-Person,bitcoin-vibecamp-2026-card.webp,"April 17, 2026",,
Bitcoin Infinity Day,"August 21, 2026",Roatán,,Honduras,Prospera,,https://app.sola.day/event/detail/17626,,,In-Person,bitcoin-infinity-day-2026-card.webp,"January 29, 2026",,
Bitcoin Asia,"August 27–28, 2026",,,Hong Kong,Hong Kong Convention and Exhibition Centre,Use code FOMO for 10% OFF,https://tickets.b.tc/affiliate/fomo/event/bitcoin-asia-2026?promoCodeTask=apply&promoCodeInput=FOMO,"Balaji Srinivasan, Dr. Hon Johnny Ng, David Bailey, Simon Gerovich, Justin Sun, Jack Kong, Bilal Bin Saqib, Gracy Chen, Irene Gao, Hugh Hendry, Caspar Wong, Mark Yusko, Adam Poulton, Aditya Ranjan, Alex Bergeron, Alexandre Laizet, Anja Dragovic, Anndy Lian, Anthony Power, Anuja Chokshi, Ariel Deschapell, Avik Roy, Balaji Chandra, Benjamin Quinlan, Birkan Kayadibi, Brian Hoonjong Lee, Brian Roberts, Calvin Tsai, Chris Seedor, Christoph Ono, Christopher Smith, Damian Chen, Dawn Musil, Digvijay Chand, Dominik Weil, Dr. Qiwei Chen, Dusty Daemon, Dylan LeClair, Electra Frost, Francisco, Gaëlle Wizenberg, Gareth, Giovanni, Harish BV, Harpreet Singh, Hodl Tarantula, Hunter Albright, Jack Lee, Jackson Steger, Jake Explains, James Pierog, James of Ârc, Janusz, Jeff Walton, Jeremy Chiang, Jimmy Kostro, John Riggins, John Pratt, Jonathan C, Joseph Wang, Ju Chun Ko, Keith Gardner, Kevin Follonier, Keypleb, Khatia, Kin Fung, Kishin Kato, Koji Higashi, Lea Thompson, Leo, Liam Eagen, Lincoln Tan, Livio Weng, Lukas Duczko, Luli Bonifetto, Marius Off-Chain, Martina Golob, Matt Cole, Matt Crosby, Maurizio, Neil Woodfine, Pavlenex, Pedro 🧨, Peng Li, Phyrex Ni, Piers Macrae, Piriya, Prakhar Gupta, Randi Hipper, Rapha Zagury, Roland Bewick, Russ Jacobson, Santosh Vadivelu, Scott Lai, Sean Hagan, Shambavi Soni, Shaun Gao, Shawn Owen, Specter, Spencer Nichols, Stephan Livera, Stephen Perrenod, Sunny Ng, Tattapong (Farm), Ying Tong Lai, Yushan Zheng.","6,000",In-Person,bitcoin-asia-2026-card.webp,"January 20, 2026",,
BSE : Bitcoin – Sovereignty – Economics 2026,"September 12, 2026",Bury St Edmunds,,England,,,https://www.bsebtc.co.uk/bseconf,,,In-Person,bse-2026-card.webp,"January 20, 2026",,
The Bitcoin Treasuries Unconference,"September 17, 2026",New York City,New York,United States,,Use code FOMO for 10% OFF,https://luma.com/btunyc?coupon=FOMO,"Ed Juline, Tim Kotzman, Pete Rizzo",499,In-Person,bitcoin-treasuries-unconference-2026-card.webp,"January 20, 2026",,
Noderunners Conference 2026,"September 19, 2026",Arnhem,,Netherlands,Koepelgevangenis Arnhem,,https://noderunners.network/en/,"Bert de Groot, Bitcoin Brabant, Bitcoin Training Center, BitcoinTaps, Blocknerd, Blockrise, Blu3baer, Boris van de Ven, Bram Kanstein, Brinkie, ClavaStack, Decentralized_mind, Denise Torsy, Djuri, FractalEncrypt ∞/21M, Geyser, Hadaikum, I Am GPIO, Jos Lazet, Kanuto, Kevin, Kim de Vos, Kruw, Martin Kuchař, Modeotec, Mr Meadow, Niek Olde Monnickhoff, Pieter, Printer GoBrrr, Rebel Money, Schnuartz, Sebastix, SeedSigner, Sjors Provoost, Specter, Spiky, Steef, Store of Value, WantClue, xmrstreet, Yonat Vaks, Yvette, Zap Zide.",800,In-Person,noderunners-conference-2026.webp,"March 16, 2026",,
European Mining Summit,"September 23, 2026",Helsinki,,Finland,,,https://miningsummit.eu/,"Rachel Geyer, Robert Schulman, Jaakko Kaijala, Kasimir Kaitue, Martin Paasi, Roni Karjalainen",,In-Person,european-mining-summit-2026.webp,"February 11, 2026",,
Midwest Bitcoin Summit,"September 23-24, 2026",Columbus,Ohio,United States,Greater Columbus Convention Center,Use code FOMO for 21% OFF,https://tickets.midwestbtc.com/affiliate/neiljacobs/event/midwest-bitcoin-summit-2026/?promoCodeTask=apply&promoCodeInput=fomo,"Warren Davidson, John Cabello, Kyle Pierce, Himanshu Sahay, Dr. Ahmad Ammous, Nik Bhatia, Brett Guiley, Avik Roy, Adam Simecka, Ben Werkman, Mark Dempsey, Scott Dedels, Eric Runge, Michael Jordan, Jeff Aurand, Scott Lindberg, Anthony Vassallo, Matthew Carson, David Dziekanski, Andrew Burchwell, Michael Borglin, Beau Turner, Ilya Rekhter, Yash Belavadi, Mark Connors, Tim Savage, Michael Rhoden, Dave Schwab, Jordan Guess, Wyatt O'Rourke, Halston Valencia, Matt Gollier, Carlos Toriello, Mason Carter, Gabe Lord, Sesi, Neil Jacobs, Jonathan Kamps, David Branscum, Mitch Moore, Sarah Martello, Carson Seeger, Max Kaufman, Rick Tapia, Jon Gordon, Chris Ritter, Analys Falchuk, Timothy Niemeyer, Erik Stoltz, Shane Hazel, Elizabeth Hansson, Andrew Howard, Les Borsai, Ian Northon, Kyle Knight, Greer Hall, Nick Ward, Keith Gardner, David Marulli, Staci, Brian Hirschfield, Ben Hailey, Cris Reed, Alin Armstrong, Michael Briach, Jim Carucci, Abhi Dobhal, Adam Ortolf, Amber Harris, Ben Jarvie, Mike Casey, Pierre-Luc Dallaire-Demers, Win Ko Ko Aung, Abhay Agarwal, Matthew Vuk, HODLTarantula, Kyle Shirkness, Rocky Wold, Jon Rodriguez, Sahil Chaturvedi, Jason Leibowitz, Sal E. Pineda, Gabe (Ge) Salinas, Jeff Hilsenbeck, Kenneth Burris, Brian Yinger, Brady Pugliese, Bitcoin Cousin, Dr. Michael J. Kelly, Jason Keil, Adrian Cercenia, Vince (HODLFlorida), Cole Stuart, Michelle Lilly, Andrew Tilmann","5,001",In-Person,midwest-bitcoin-summit-2026-card.webp,"May 1, 2026",,
Bitcoin Helsinki - The Nordic Bitcoin Conference,"September 25–26, 2026",Helsinki,,Finland,Cable Factory,,https://btchel.com/,"Francis Pouliot, Martti Malmi, Adam Back, Martin Paasi, Giacomo Zucco, Filip Karadgeorgevic, Madex, Joe Nakamoto, Siim Land, Lyudmyla Kozlovska, Rick Messitt, Nathan Day, Jukka Lepikkö, Tuomas Tuominen, Robert Schulmann, Daniel Prince, Thomas Brand, Knut Svanholm, Sander Andersen, Chris Seedor, Grafton Clark, Efrat Fenigson, Sondre Rydningen Torberntsson, Ioni Appleberg, Toni Heiskanen, General Kenobi, Christos Granqvist","2,000",In-Person,bitcoin-helsinki-2026-card.webp,"January 20, 2026",,
bitcoin++ - Germany 2026,"October 1-3, 2026",Berlin,,Germany,w3 hub,Use code FOMO for 10% OFF,https://www.btcplusplus.dev/conf/berlin26,,100,In-Person,bitcoinplusplus-germany-2026-card.webp,"January 20, 2026",,
"Watch Out, Bitcoin! 2026","October 2-4, 2026",Madrid,,Spain,,,https://wobitcoin.org/#brxe-78d8c4,,,In-Person,watch-out-bitcoin-2026-card.webp,"January 20, 2026",,
Imagine IF,"October 5-6, 2026",Nashville,Tennessee,United States,,,https://www.imagineifnashville.com/,"Cathie Wood, Dr. Art Laffer, Scott Harrison, Hash Hashemian, Jeff Booth, Alex Gladstein, Gideon Powell, Obi Nwosu, Joe Liemandt, Harry Sudock, Parker Lewis, Andre Neves, Stephanie Coleman, Alex Brammer, Rapha Zagury",,In-Person,imagine-if-2026-card.webp,"May 22, 2026",,
Muslim Bitcoin Summit 2026,"October 10-11, 2026",London,,United Kingdom,,,https://mslmbtcsummit.com/,"Simon Dixon, Harris Irfan, Safdar Alam, Mu'aawiyah Tucker, Abdullah Ibn Oda, Subhan Tariq, Bashar Humeid, Shukry Haleemdeen, Dave Lund, Abdulwahid Stephenson, Adam Mashrique, Alp Uçkan, Ashik Usman, Michael Howe, Hasnain Dhalla, Tee Politics, Fraz Mahmud",,In-Person,muslim-bitcoin-summit-2026-card.webp,"July 25, 2026",,
TABConf,"October 12–15, 2026",Atlanta,Georgia,United States,Georgia Tech Exhibition Hall,,https://7.tabconf.com/,Michael Tidwell,300,In-Person,tabconf-2026-card.webp,"January 20, 2026",,
Bitcoin Bush Bash - Busselton,"October 16-18, 2026",Busselton,,Australia,,,https://bitcoinbushbash.info/busselton/,,,In-Person,busselton-bitcoin-bush-bash-2026-card.webp,"January 20, 2026",,
Lugano Plan B Forum,"October 23–24, 2026",Lugano,,Switzerland,,,https://planb.lugano.ch/planb-forum/,,,In-Person,planb-forum-lugano-2026-card.webp,"January 20, 2026",,
MITA TechTalks 2026,"October 25–27, 2026",Punta Mita,,Mexico,,Use code FOMO for 10% OFF,https://2026.mitatechtalks.com/#,"Jeff Booth, Lynne Bairstow, JCB, Sam Callahan, Ali Chehrehsaz, Boyd Cohen, Jose Carlos Flores, Brianna Honkawa d'Estries, Lisa Hough, Ed Juline, Joseph Kelly, Tim Kotzman, Sergio Legorreta, Chris McDonagh, Israel Munoz, Andre Neves, Roderic Picard Rossbach, Josu San Martin, Carlos Seldon, Santiago Varela, Eric Yakes",125,In-Person,mita-techtalks-2026.webp,"June 4, 2026",,
Bitcoin: A Competitive Advantage 2026,"November 13, 2026",Derby,,England,,,https://bitcoincollective.co/bitcoin-a-competitive-advantage/,,175,In-Person,bitcoin-a-competitive-advantage-2026-card.webp,"January 20, 2026",,
Bitcoin for Corporations Symposium,,Amsterdam,,The Netherlands,,,https://www.bitcoin.amsterdam/bfc-symposium,,,,,,X,
Bitcoin Amsterdam,"November 5-6, 2026",Amsterdam,,The Netherlands,Sugar Factory,Use Code FOMO for 10% OFF,https://shop.paylogic.com/788714c2f5664932b9af7c044a6542e3/?discount_code=FOMO,"Cameron & Tyler Winklevoss, Saifedean Ammous, Gilles Roth, Adam Back, Jack Mallers, David Bailey, Khing Oei, Peter McCormack, Adam Krellenstein, Alexandre Laizet, Alex Pilař, Allen Helm, Amanda Fabiano, André Dragosch, Arjen, Arno, Bam Alasi, Bart Mol, Bas Lemmens, Bastien Taquet, Bastien Teinturier, Ben Cowen, Bert de Groot, Bert Slagter, Bob Davidoff, Brady Swenson, Bram Kanstein, Brandon Bailey, Brandon Keys, Brett Reeves, Brian Dixon, Brinkie Noderunner, Calle, Chris Kiew-Smith, Chris Seedor, Christian Angermayer, Claire Chisholm, Craig Deutsch, Dan Held, Daniel Jonsson, Daniël Mol, David Johansson, Decentralized Mind, Denis van Beetz, Derar Islim, Douglas Bakkum, Duncan Coombe aka “I Am GPIO”, Dusty Daemon, Edward Hill, Elvin Folkebrant Sababi, Erik de Smedt, Filip Baturan, Frank Corva, Frederick Coleman, Gareth Jenkinson, Garry Krugljakow, George Mekhail, Giovanni Santostasi, Grafton Clark, Harald Rauter, Henry Elder, Hero van Kampen, Hervé Larren, Hunter Albright, InvertedX, Jaap Barneveld, James Maxfield, James Van Straten, Jan Scheele, Jason Sosa, Jeff Walton, Jesse Shrader, Jim Crider, Johan Bergman, Jonathan, Jordy den Toom, Jos Lazet, Jurjen Meijer, Kevin Ravensberg, Keypleb, Kingsley Advani, Kristyna Mazankova, Kwon Park, Leon S Foong, Lindey Magee, Lukáš Kovanda, Luke Broyles, Lyudmyla Kozlovska, Madeline Morning, Marco Argentieri, Marek Szabelski, Mark Jennings, Mars, Matt Crosby, Matthew Mežinskis, Matt Williams, Michael Bloch, Michael S, Michael Theo Dülk, Michaël van de Poppe, Mick Morucci, Mike Jarmuz, Mike Lelieveld, Mogashni Naidoo, Mohammed Bakhashwain, Nico Smid, Niko Jilch, Pascal Hügli, Patrick Liou, Pat Riley, Paul, Paul Buitink, Pedro, Peng Li, Peter Slagter, Pieter, Rational Root, René Pickhardt, Robert Harrison, Robin Linus, Robin Seyr, Roy Sheinfeld, Russel Coultart, Sadiq Jaffer, Sadri Sali, Samuel Kullmann, Sam Wouters, Sander Andersen, Sebastian Hagens, Sebastien Hess, Sergi Delgado, Shinobi, Simon Lelieveldt, Sjors Provoost, Stafford Masie, Steef, Stefania Barbaglio, Stephan Lutz, Steven Reiss, Steven Wisbrun, Susie Violet Ward, Temo Bezhiashvili, Thijs van Boven, Thunder, Tom van Lamoen, Tracy Hoyos-Lopez, Tycho Onnasch, Tyler Evans, Veronika Kuett, Vijay Selvam, Vik Sharma, Vince van Hoesel, Vladislav Dramaliev, WantClue, Willem Middelkoop.","6,000",In-Person,bitcoin-amsterdam-2026-card.webp,"January 20, 2026",,
Golden Gate Bitcoin Conference,"November 6-7, 2026",Kentfield,California,United States,College of Marin,,https://conf.bayareabitcoiners.com/,,,In-Person,golden-gate-bitcoin-conference-card.webp,"July 11, 2026",,
Bitfest 2026,"November 20-22, 2026",Manchester,,England,Pendulum Hotel,,https://bitfest.uk/,,450,In-Person,bitfest-2026-card.webp,"March 29, 2026",,
Labitconf 2026,"November 29 - December 1, 2026",Buenos Aires,,Argentina,,,https://labitconf.com/,,"1,500",In-Person,labitconf-mexico-2026-card.webp,"January 23, 2026",,
Bitcoin MENA 2026,December 2026,Abu Dhabi,,United Arab Emirates,ADNEC Centre,Use code FOMO for 10% OFF,https://tickets.b.tc/event/bitcoin-mena-2026?promoCodeTask=apply&promoCodeInput=FOMO,,,In-Person,bitcoin-mena-2026-card.webp,"January 20, 2026",,
Max & Stacy Golf Invitational 2027,"January 11–13, 2027",,,El Salvador,El Encanto Resort,,https://bitcoingolfinvitational.com/,"Max Keiser, Stacy Herbert",100,In-Person,max-stacy-2027-card.webp,"July 26, 2026",,
Bitcoin Medellín 2027,"January 16-17, 2026",Medellín,,Colombia,"Plaza Mayor, Medellín",,https://btcmedellin.com/,,100,In-Person,bitcoin-medellin-2026-card.webp,,X,
Bitcoin Day Naples 2027,"January 16, 2027",Naples,Florida,United States,Four Seasons Naples,,https://bitcoinday.io/naples27,"Lawrence Lepard, Bob Burnett, Nico Moran, Himanshu Sahay, Mark Artymko, Bobby Iaccino, CJ Konstantinos, HODL Tarantula, Michelle Weekley, Cedric Youngelman, Carly Benson, Mike Germano, Jon Taylor, Stu Lackey, John Albers, Nina Knox",100,In-Person,bitcoinday-naples-2027-card.webp,"July 26, 2026",,
Bitchill Island Retreat 2027,"January 18-28, 2026",Próspera,,Honduras,,,https://thebitcoindistrict.com/bitchill/,,,In-Person,bitchill-island-retreat-2026-card.webp,,X,
Plan B Forum El Salvador 2027,"January 29–30, 2027",San Salvador,,El Salvador,,,https://planb.sv/,,,In-Person,planb-forum-2027-card.webp,"July 26, 2026",,
Adopting Bitcoin 2027,"January 30–31, 2026",Cape Town,,South Africa,Workshop17 Watershed,,https://za26.adoptingbitcoin.org/,"Hermann Vivier, Stafford Masie, Satoshee, Robert Allen, Ricki Allardice, Nikolai ""OKIN"" Tjongarero, Modibe Matsepane, Martijn van Rooijen, Linda Wambui, Kemal Yaşar, Emily Hughes, Deven Moodley, Destiny Smart, Craig Raw, Cole Tuckett, Carel de Jager, Beverley Ann Schafer, Advaxe Ndayisenga, Ry Sterling, Noelyne Sumba, Ernst Roets, Josef Tětek, John Endres, Fidel Otieno, David Ansara, Cryptosquid, Corlia Nolte, Anita Posch, Kgothatso Ngako, Samantha de Waal, Carel van Wyk, Benjamin de Waal",,In-Person,adopting-bitcoin-cape-town-2026-card.webp,,X,
Bitcoin Forum India,,,,,,,https://bitcoinforumindia.com/,,,In-Person,,,X,
The Sovereign Summit,"February 5-6, 2027",Miami Beach,Florida,United States,Fontainebleau - Coastal Convention Center,Use code FOMO for 10% OFF,https://thesovereignsummit.com/,"Michael Saylor, Jeff Booth, Ben Sessions","1,000",In-Person,,"February 6, 2027",X,
Auckland Freedom Forum,"February 6-8, 2026",Auckland,,New Zealand,"Marae Grounds, Tāmaki Makaurau",,https://freedomforum.org.nz/,,,In-Person,auckland-freedom-forum-2026-card.webp,,X,
Bitcoin Investor Week,"February 9–13, 2026",New York City,New York,United States,Chelsea Piers,,https://www.bitcoininvestorweek.com/,"Anthony Pompliano, Mike Novogratz, Cathie Wood, Anthony Scaramucci, Grant Cardone, Lyn Alden, Brandon Lutnick, Jeff Park, Fred Thiel, Dan Ives, Caitlin Long, Bo Hines, Barry Silbert, Dan Tapiero, Russell Okung, Mark Yusko, Chris Giancarlo, Matt Cole, Ivan Soto-Wright, Bill Miller IV, David Bailey, Robert Mitchnick, Matt Hougan, Mike Belshe, Phong Le, Yoni Assia, Natalie Brunell, Sam Callahan, Evgeny Gaevoy, Jordi Visser, Andrew Parish, Brett Tejpaul, Alexander Leishman, Peter Smith, Brendon Sedo, Christian Lopez, Constantine Karides, Charlie Hu, Shan Aggarwal, Bill Barheydt, Stefan Rust, Rory Murray, David Lawant, Jeb Hensarling, John D'Agostini, Tillman Holloway, Shehzan Maredia","2,000",In-Person,bitcoin-investor-week-2026-card.webp,,X,
Bitcoin Treasuries Emerging Markets Investor Day,"February 20, 2026",New York City,New York,United States,Pubkey,,https://luma.com/btemid2502,"Ed Juline, Tim Kotzman",50,In-Person,bitcoin-treasuries-emerging-markets-2026-card.webp,,X,
True North In-Side Event at Strategy World Bitcoin for Corporations,"February 23, 2026",Las Vegas,Nevada,United States,Wynn Las Vegas,Use code FOMO for 10% OFF,https://luma.com/tnb4c26?coupon=FOMO,"Dan Hillery, Mason Foard, James Lavish, Pierre Rochard, Jeff Walton, Matt Gannon, Ben Werkman, Phong Le, Matt Cole, Soleil, Adrian, Manuel Andreani, Mike Belshe, Grain Of Salt, Matt Hougan",150,In-Person,true-north-las-vegas-2026-card.webp,,X,
Strategy World 2027,"March 29 - April 1, 2027",Orlando,Florida,United States,Signia by Hilton Bonnet Creek & Waldorf Astoria,,https://www.strategy.com/world27/register,"Michael Saylor, Phong Le",501,In-Person,strategy-world-2027-card.webp,"July 26, 2026",,
bitcoin++ - Brazil,"February 26-28, 2026",Florianopolis,,Brazil,ACATE Centro de Inovacao (Saco Grande),Use code FOMO for 10% OFF,https://www.btcplusplus.dev/conf/floripa26,"Niftynei, B10C, Bruno Garcia, ek, Erick Cestari, Francisco Calderón, jaonoctus, Jeff Gardner, Jose Storopoli, Justin Moon, Lucas, Matthew Vuk, Matthew Zipkin, Nickolas Goline, Oscar Lafarga, Sjors Provoost, stutxo, Niklas Gögge ",499,In-Person,bitcoinplusplus-brazil-2026-card.webp,,X,
Heatpunk Summit 2027,"February 26-27, 2027",Denver,Colorado,United States,The Space,,https://denver.space/heatpunk_summit,,,In-Person,heatpunk-summit-2027-card.webp,"July 26, 2026",,
Sound Money Soiree 2027,"February 20, 2027",Tampa,Florida,United States,The Vault,,https://www.bitcoinbay.foundation/sound-money-soiree,,150,In-Person,sound-money-soiree-2027-card.webp,"July 26, 2026",,
Bitcoin Alive 2027,March 2026,Sydney,,Australia,The Roundhouse,,https://bitcoinalive.io/,,,In-Person,,,X,
Women of Bitcoin Summit,"March 4-5, 2026",,,,,,https://womenofbitcoin.io,"Natalie Brunell, Efrat Fenigson, Cynthia Lummis, Lyn Alden, Caitlin Long, Isabella Santos, Carla Bitcoin, Mir Liponi, Susie Violet Ward, D++, Hailey Lennon, Janet Maingi, Lauren Sieckmann, Lauren Rodriguez, Lorraine Marcel, Joana Cotar, Carol Souza, Ella Hough, Lynne Bairstow, Laura Brady, Aubrey Strobel, Norma Chu, Lisa Hough, Paula Pendley, Christine Marie Turner, Halston Valencia, El the Freedom Fairy",550,Online,women-of-bitcoin-summit-2026-card.webp,,X,
Bitcoin Ski Summit,"March 4-8, 2026",Teton Village,Wyoming,United States,Four Seasons Resort & Spa,,https://www.monolithic.tech/v5-bitcoin-ski-summit-2026,"Andrew Burchwell, Kaitlin Savage, Mario Gutierrez, Stephen Barbour, Trent Stout, Rory Murray, Matt Williams, Michael Kaine, Rob Hamilton, Alex Gladstein, Leopoldo Lopez, Paul Itoi, Will J, Elliott Campbell, Jessy Gilger, Mostafa Al-Mashita, Robert Harrington, Frank Caligiuri, Blaine McCollum, Zac Townsend, Lisa Hough, Brent Whitehead, Dan Lawrence, Erik Ellingson, Russell Cann, William Foxley, Irene Gao, Manash Goswami, Will Baxter, Mechanic, Mike Colyer, Nick Hansen, Justin Dorey, MADEX, Matt Margetts, Oskar Rozenberg, Amanda Cavaleri, Alex Dischinger, Jon Keen, Seb Bunney",,In-Person,bitcoin-ski-summit-2026-card.webp,,X,
Bitcoins @ Infinite Games,"March 4-22, 2026",Roatán,,Honduras,Prospera,,https://bitcoingames.lovable.app/,,80,In-Person,bitcoin-infinite-games-2026-card.webp,,X,
Bitkiwi XV,"March 7, 2026",Christchurch,,New Zealand,Dux Central,,https://kiwibitcoinguide.org/home/bitkiwi-meetups/bitkiwi-xv-february-28th-2025-christchurch/,,,In-Person,bitkiwixv-2026-card.webp,,X,
Bitcoin Bush Bash - Beechworth,"March 13–15, 2026",Beechworth,,Australia,,,https://bitcoinbushbash.info/beechworth/,,,In-Person,bitcoin-bush-bash-2026-card.webp,,X,
Satoship 2026,"March 20-22, 2026",Rapperswil-Jona,,Switzerland,Hensa Schiffahrt,,https://bitcoinblock.study/satoship/,"Andreas Ruby, Laura Nori, Dennis Beck, The Wise Rabbit, Jan Wanderlust, Rikki Frega, Tobias Grünenfelder, Bri, Lady Block Jane, Lea Kelwin, Patrick Schätz, Patrick Linus, Evi Wimmer, Korina Karl, Peter Montgelas",100,In-Person,satoship-2026-card.webp,,X,
Japan Bitcoin Future Forum,"March 25, 2026",Yokohama,,Japan,Pia Arena MM,,https://portal.metaplanet.jp/en/events/japan-bitcoin-future-forum,,,In-Person,japan-bitcoin-future-forum-2026-card.webp,,X,
CheatCode,"March 26–29, 2026",Bedford,,England,Bedford Corn Exchange,,https://www.cheatcode.co.uk/,"Lyn Alden, Jack Mallers, Peter McCormack, Danny Knowles, American HODL, Andrew Webley, Archie, Becca Rubenfeld, Ben Arc, Bradley Rettler, Checkmate, Erik Hersman, Freddie New, Izabella Kaminska, Joe Bryan, Joe Nakamoto, Knut Svanholm, Mark Suman, Matthew Mezinskis, Michel Gustavsson, Obi Nwosu, Rob Hamilton, Susie Violet Ward",,In-Person,cheat-code-2026-card.webp,,X,
BitBlockBoom 2027,"April 1-4, 2027",Ft. Worth,Texas,United States,Fort Worth Stockyards Station,Use code FOMO for 10% OFF,https://bitblockboom.com/?coupon=fomo,Gary Leland,"1,200",In-Person,bitblockboom-2027-card.webp,"April 12, 2026",,
MIT Bitcoin Expo,"April 11-12, 2026",Cambridge,Massachusetts,United States,,,https://mitbitcoinexpo.org/,,,In-Person,mit-bitcoin-expo-2026-card.webp,,X,
OPNEXT 2026,"April 16, 2026",New York City,New York,United States,The Times Center,,https://opnext.dev/,"Antoine Poinsot, Mike Schmidt, Robert Mitchnick, Jonas Nick, Ethan Heilman, Salvatore Ingala, Calle, Alex Pruden, Robin Linus, Liam Eagen, Misha Komarov, Nick Hansen, David Duong",150,In-Person,opnext-2026-card.webp,,X,
Bitchill s03,"April 16-25, 2026",Roatán,,Honduras,Prospera,,https://luma.com/wkoxeb9m,,31,In-Person,bitchill-s03-2026-card.webp,,X,
bitcoin++ - Nevada,"April 23-24, 2026",Hoover Dam,Nevada,United States,Hoover Dam Spillway House,Use code FOMO for 10% OFF,https://www.btcplusplus.dev/conf/vegas,,100,In-Person,bitcoinplusplus-nevada-2026-card.webp,,X,
Swiss Bitcoin Conference,"April 23–26, 2026",Kreuzlingen,,Switzerland,,,https://swiss-bitcoin-conference.com/,"Marc Friedrich, Marco Bühler, Florian Bruce-Boye, Niko Jilch, Dr. Pius Sprenger, Serge Kaulitz, Mark Valek, Rino Borini, Dr. Ayhan Celebi, Julian Liniger, Joe Martin, Robin Seyr, Robert Vitye, Rahim Taghizadegan, Sascha Grumbach, Ronnie Grob, Alex Saile, Dominik Galić, David Knezić, Sibylle Eberle, Nathaly Lenz, Lisa Tscherry, Cédric Schmid, Moritz Kaminski, Felix Frei, Thomas Lohbeck, Peter Rochel, Christian Naef, Fab, Ernst Heller, Alexander Arisi, Daniel Tröster, Jens Leinert, Beat Gubser, Renato Schaer, Alexandre Flory Samartino, Ralf Metz, Werner Liechti, Sebastian Markowsky, Filip Balonis, Markus Turm, Dominik Nordkurve, Timo Volkov",,In-Person,swiss-bitcoin-conference-2026-card.webp,,X,
Unconfiscatable,"April 27, 2026",Las Vegas,Nevada,United States,,,https://unconfiscatable.com/,Tone Vays,,In-Person,unconfiscatable-2026-card.webp,,X,
BTC Prague 2027,"May 6-8, 2027",Prague,,Czech Republic,,Use code FOMO for 10% OFF,https://btcprague.com/?promo_id=35835&promo_key=eb83bf115bc6bae5aaad1bc19a4962e9,,"9,000",In-Person,btc-prague-2027-card.webp,"June 15, 2026",,
Bitcoin Burgenland 2026,"May 8, 2026",,,Austria,,,https://www.rettedeingeld.at/bitcoin-burgenland-2025/,"Niko Jilch, Florian Bruce-Boye, Stefan Willau, Prof. Peter Kotauczek, Larissa Kravitz, Florian Lentsch, Mark Valek, Dr. Ayhan Celebi, Thomas Ebner, Patrick Stich, Alex von Frankenberg, Florian Wimmer, Lars Eichhorst, Matthias Reder",,In-Person,bitcoin-burgenland-2026-card.webp,,X,
MAD Bitcoin Summit,"May 9-12, 2026",Madrid,,Spain,,Use code FOMO for 10% OFF,https://madbitcoinsummit.com/,"Bradley Duke, Alexandre Laizet, Richard Byworth, Efrat Fenigson, Carlos Salinas, Ruben Ayuso, Román Gonzalez, Jesus Perez Sanchez, Jose Antonio Bravo, Eneko Knörr, Ed Juline, Timothy J. Kotzman, Javier Pineda, André Dragosch, Yves Choueifaty, Norma Chu, Andrew Webley, Sam Roberts, Javier Pastor Moreno, Álvaro D.María, Cristina Carrascosa, Esaú Rojo, Daniel Batten, Charlene Hill Fadirepo, Joe Bryan, Alejandra Guajardo, Max Kei, Knut Svanholm, Alberto Mera, Juan Pablo Moraga, Ariel Aguilar, Clara García Prieto, Iñaki Zubeldia, Jordi Llonch Esteve, Adrián Bernabéu, Guillaume Bajczman, Omar Lopez, Dr. Khushboo Khullar, Arash Nasri, Lyudmyla Kozlovska, Jordy Den Toom","1,500",In-Person,mad-bitcoin-2026-card.webp,,X,
Tuscany Lightning Summit 2026,"May 12-13, 2026",Viareggio,,Italy,Principino,,https://tuscanysummit.com/,,,In-Person,tuscany-lightning-summit-2026-card.webp,,X,
Bitcoin Bush Bash - Byron Bay,"May 15-17, 2026",Byron Bay,,Australia,,,https://bitcoinbushbash.info/byron-bay/,,,In-Person,byron-bay-bitcoin-bush-bash-2026-card.webp,,X,
Bitcoin Economic Forum 2026,"May 15-17, 2026",Bretagne,,France,,,https://www.breizhbitcoin.com/bitcoin-economic-forum/,,,In-Person,bitcoin-economic-forum-2026-card.webp,,X,
Bitcoin is for Everyone,"May 22-23, 2026",Portland,Oregon,United States,Revolution Hall,Use code FOMO for 10% OFF,https://bitcoinisforeveryone.com/,,250,In-Person,bitcoin-is-for-everyone-2026-card.webp,,X,
Bitcoin Ireland Conference,"May 22-24, 2026",Dublin,,Ireland,The Green Isle Hotel Dublin,Use code FOMO for 10% OFF,https://bitcoinireland.eu/,"Jordi Llonch Esteve, Rusudan Koniashvilid, Karl Deans, Knut Svanholm, British HODL, Francesco Madonna, Daniel Prince, Dr. Peter Connor, Robin Seyer, Claire Marrinan, Paul Rogers, Ross Edwards, Robin Thatcher, Dinny Collins, Ciaran Doyle, Max Hillebrand, Chris Mclaughlin, Claire Marrinan, Pablo Saxtron, Badders, Grafton Clark, Theo Mogenet, Ben Weeks",750,In-Person,bitcoin-ireland-conference-2026-card.webp,,X,
Bitcare Forum,"May 23, 2026",Brescia,,Italy,Clerici Theater,,https://bitcareforum.it/,"Rikki, Gigi Turla, Guybrush, Federico Rivi",,In-Person,bitcare-forum-2026-card.webp,,X,
bitcoin++ - Austria 2026,"May 27-28, 2026",Vienna,,Austria,Weitsicht Cobenzl,Use code FOMO for 10% OFF,https://www.btcplusplus.dev/conf/vienna,,,In-Person,bitcoinplusplus-austria-2026-card.webp,,X,
Bitcoin Treasuries Unconference UK 2026,"May 29, 2026",Bristol,,England,Bristol Beacon,Use code FOMO for 10% OFF,https://www.smarterwebcompany.co.uk/bitcoin-treasuries-unconference-uk/fomo/,"Ed Juline, Tim Kotzman",500,In-Person,bitcoin-treasuries-unconference-uk-2026-card.webp,,X,
Barcelona Cyphers Conference,"May 29-30, 2026",Barcelona,,Spain,La Salle Campus Barcelona,,https://www.bcc8333.xyz/,"General Kenobi, Bebop, CryptoSquid, Bitmaker, Alberto Mera, Efrat Fenigson, El Gorila, Alfre Mancera, Entropy, Unhosted Marcellus, ButtercupRoberts, Stoa Otter, Soy Tierra Fértil, Chavo The Druid, Landabaso, Jordi Llonch, Kilian Rausch, Dr. Khushboo Khullar, Verbiricha, LN Losku",300,In-Person,barcelona-cyphers-conference-2026.webp,,X,
Oslo Freedom Forum,"May 31 - June 2, 2027",Oslo,,Norway,,,https://oslofreedomforum.com/,,,In-Person,olso-freedom-forum-2027-card.webp,,,
Bitcoin FilmFest 2026,"June 4-7, 2026",Warsaw,,Poland,Kinoteka,,https://bitcoinfilmfest.com/,,210,In-Person,bitcoin-film-fest-2026-card.webp,,X,
Bitcoin Corporate Day 2026 by Bitwise,"June 10, 2026",Prague,,Czech Republic,,,https://www.bitcoincorporateday.com/,,,In-Person,bitcoin-corporate-day-2026-card.webp,,X,
Freedom Tech Summit,"June 10, 2026",Prague,,Czech Republic,Hotel Duo,,https://freedomtechsummit.com/,"Max Hillebrand, Juraj Bednár, Calle, Niftynei, Thomas Voegtlin, Roman Zeyde, Josh Datko, Dieg, Erik De Smedt, Stephan (Enzy) Oeste, Baudoin Collard, Salvatore Ingala, Ramin Taghizadegan, Walter Haffner, Tomek K, Schwarzt, Ady Shimony, Thomas Farstriker, Duncan Dean, Javier Álvarez, Johnny 9, Stephan Völkste, Alena Vranova, Uren Zoler, Tanja Bächle, Bert de Groot, Federico Tenga, Jose AP, Nathan Day, Ross Savage, ghost43, Daniel Steigerwald, Alekos Filini, Marco Argentieri, Philipp Hoenisch, Carlos Garcia Ortiz, Djuri Baars, Vincenzo Palazzo, Martin Habovstiak, Jameson Lopp, Olivier Gugger, Kalle Rosenbaum, Rigel Walsh, Peter Todd, Henrik Skogstrom, Pierre Corbin, Calvin Kim, Igor Korsakov, Christian Lewe, Tobin C. Harding, Toni Appelberg, David Goulet, Julio Garcia, Horacio Herrera, Elsirion, Conor Okus, Peter Young, Ben Arc, Vlad Stan, Yvette, Aljaz Ceru, Jesse De Wit, Gloria Zhao, Michael Buonomo, Roy Sheinfeld, Gabo Beaumont, William Casarin, Hennadii Stepanov, Carla Kirk-Cohen, softsimon, michael1011, Tony Kubera, Avi Burra, Derek Ross, Jordi Montes, Antoine Poinsot, prettyGood, opengs, notetool, Charles Hill, Rogzy, Miljan Braticevic, Aleks Svetski, Calvadev, Christian Decker, Christoph Ono, Erik Cativo, sovereignzy, Johns Beharry, Kieran, Martti Malmi, Michael Maase, Mogashni Miko, Pablo72, Patricia, Paolo Scardento, Pavol Rusnak, Ralf, Rockstar Dev, Simon Smith, Sjors Provoost, Yashraj, Zach Meyer, Kedmher, Kevin Loaec, Evan Linjin, Daniela Brozzoni, Elias Rohrer, Timothy Allen, Evan Kaloudis, Kwindle De Backer, JoshBale, Édouard Paris, Christoph Stenglein, Rikki, Laura, Anders Jensen, Stephan Livera, Joe Nakamoto",,In-Person,freedom-tech-summit-2026-card.webp,,X,
bitcoin++ - Kenya 2026,"June 17-20, 2026",Nairobi,,Kenya,Pride Inn Azure,Use code FOMO for 10% OFF,https://www.btcplusplus.dev/conf/nairobi,,100,In-Person,bitcoinplusplus-kenya-2026-card.webp,,X,
Camp Nakamoto 2026,"June 18-21, 2026",Mirror Lake,,New Hampshire,Sandy Island,,https://www.campnakamoto.com/,,100,In-Person,camp-nakamoto-2026-card.webp,,X,
The Bitcoin Rodeo 2026,"June 25-26, 2026",Calgary,,Canada,The Grand Theatre,,http://bitcoinrodeo.com/,"Tatum Turn Up, Aleksandar Svetski, Tomer Strolight, Lisa Hough, MADEX, Ben Perrin, Nolan Bauerle, Adam O’Brien, Mark Jeftovic, Justin Dorey, Scott Dedels, Nathan Fitzsimmons, Mike Cook, Jon Tellis, Dave Bradley",400,In-Person,bitcoin-rodeo-2026-card.webp,,X,
The Bitcoin Paradigm 2026,"June 26-27, 2026",Neuchâtel,,Switzerland,Coworking Blockchain Neuchâtel,,https://leparadigmebitcoin.ch/home,,,In-Person,le-paradigme-bitcoin-2026-card.webp,,X,
Bitcoin Alaska,"July 1-6, 2026",Juneau,Alaska,United States,,,,,,,,,X,
Mallorca Blockchain Days 2026,"July 9-12, 2026",Palma,,Spain,Mar Hotels Playa Mar & Spa,,https://mallorcablockchaindays.com/index.html,"Amir Taaki, Richard Werner, Christian Rotzoll, Thomas Voegtlin, Victoria Jones, Kristian Csepcsar, Summer Meng, Robin Thatcher, Jed Grant, The CryptoDonkey, Aaron Koenig, Chris Luecke",,In-Person,mallorca-blockchain-days-2026-card.webp,,X,
Bitcoin 2027,"July 15-17, 2027",Nashville,Tennessee,United States,Music City Center,Use code FOMO for 10% OFF,https://tickets.b.tc/affiliate/fomo/event/bitcoin-2027,,"15,000",In-Person,bitcoin-2027-card.webp,"April 28, 2026",,
Mining Disrupt,"July 21-23, 2026",Miami,Florida,United States,Miami Convention Center,,https://miningdisrupt.com/,"Delio Pera, Doug Wilson, Frank Holmes, Luke Rossy, Michael Jerlis, Ally Quan, Dan Koehler, Juergen Waithera, General Kenobi, Luke Dashjr, Optimist Fields, Rustin Watt, Nico Moran, Rice Lummis, Ethan Ellenberg, Amanda Chang, Paul Li, Ian A. Northon, Bitcoin Mechanic, Mark Artymko, Nacho Pauls, Joseph Chu, Adam Wiggins, Ronald Bynoe, Andy “PizzAndy” Prokopyk, Dane Sjoden, Trevor Bello, Cade Peterson, David Kennedy, Sydney Bright, Timo Steipe, Shirley Segal, Rick Margerison, Kapeikin Andrei, Emma Todd, Javier Hermosa, Jill Ford, Michelle Zhang, Alex Dischinger, Scott Offord, Ryan Lackey, Bryan Hurwitz, Denny Xing, Matt Quinn, Hobbyist Miner, Nick Burley, Sean McDonough, Justin McAfee, Dan Lawrence, Dan Liu, Tony Peng, Ankit Joshi, Dennis Porter, Eryka Gemma, Yifan HU, Scot Johnson, Ben Weng, Payne Gong, Chuch L’Ecuyer, Wright Wang, Barun Kar, Skot, Peng Li, Samson Mow, Ben Perrin, Matthew Sigel, Bryce McNallie, Anthony Power, Asher Genoot, Ann Willmott, Alan Gallo, Wendy Huang, CJ Burnett, Shannon Squires, Curtis Harris, Lawrence Lepard, Ziling Yu, Paphy Cai, Steve Gao, Grace Huang Chivers, Andrii Garanin, Rex Liu, Summer Meng, Sidonia Wang, Edward Guo, Tina Zhao, Reza Azizian, Vincen Zhang, Charles Lin, Ben Johnson, Gary Berwick, Kaiping Wang, Andy Wang, Bryan Posthumus, Danny James, Mia Xu, Carmen Li, Ben Thomison, Jolie Kahn, Perry Hothi, Joshua Bell, Matt Prusak, Mike Hamilton, Evan Talbot, Jim Moran, Steven Eliscu, David Chernis, Max Matrenitski, Alexander Lozben, Gabriel Lamas, Tech Hustler, Rapha Zagury, Ryan Miller","4,000",In-Person,mining-disrupt-florida-2026-card.webp,,X,
bitcoin++ - Canada 2026,"July 22 - 24, 2026",Toronto,,Canada,The Great Hall,Use code FOMO for 10% OFF,https://www.btcplusplus.dev/conf/toronto,"conduition, Fabian Jahr, Gregory Sanders, Chris Guida, Steven Roose, Julian Moik, Aleksa Jovanovic, annabelleshalom, Calvin Kim, Christian Lewe, Edil Medeiros, Isabel Foxen Duke, James Pierog, Jerry Qian, Josh Doman",100,In-Person,bitcoinplusplus-canada-2026-card.webp,,X,
Bitcoin Bush Bash - Palm Cove,"July 24-26, 2026",Palm Cove,,Australia,,,https://bitcoinbushbash.info/palm-cove/,,,In-Person,palm-cove-bitcoin-bush-bash-2026-card.webp,,X,
Lake Satoshi Retreat,"July 31-August 2, 2026",,Michigan,United States,,,https://www.lakesatoshi.com/annual-lake-satoshi-retreat,,,In-Person,lake-satoshi-retreat-2026-card.webp,,X,
Acelerando Bitcoin,"August 12-13, 2026",Asuncion,,Paraguay,Paseo La Galeria,,https://acelerandobitcoin.com/,"Moon, Seiji Arata, Ignacio Pauls, Aydin Kilic, Rahim Taghizadegan, Max Hillebrand, Caius Leta, Alan Schramm, Jan Kotas, Delia Garcete, Gabriela Battiato, Michael Margiotta, Avi Burra, Bernardo Braga, Björn Schmidtke, Lucas Ferreira, Napoleon Osorio, Eduarda Lobato, Fabio Silva, Ernesto Aharonian, Emilio Pereira, Bruno Vaccotti, Franzap, Elliot David, Ariel Aguilar, Short Fiat, Isabela Coser, Alena Vránová, Quentin Ehrenmann, Alex Recouso, Pati Barbosa, Felipe Ojeda, Hiro, Roman Martinez, Mike Peterson, Bilthon, Bruno Oliveira, Stelios Rammos, Paul Kittson, Viviana Van Cayzeele, Vincent, Anna Ritchik, Vitor Araujo, Daiana Gomez, Eduardo Jatahy, Juan Pablo Moraga, Bitmaker, Paul Hanson, Wave, Gabriel Lamas, Rodolfo Andragnes, Fredis Molinas, Eduardo Prospero, Nelson Cardozo, Cecilia Llamosas",,In-Person,acelerando-bitcoin-2026-card.webp,,X,
Bitcoin Beyond 66,"August 14, 2026",Bodø,,Norway,Stormen Concert Hall,Use code FOMO for 10% OFF,https://www.satlantis.io/events/1583/Bitcoin-Beyond-66,,90,In-Person,bitcoin-beyond-66-2026.webp,,X,
Bitcoin Vibecamp,"August 17-22, 2026",Roatán,,Honduras,Prospera,,https://bitcoinvibe.camp/,,50,In-Person,bitcoin-vibecamp-2026-card.webp,,X,
Bitcoin Infinity Day,"August 21, 2026",Roatán,,Honduras,Prospera,,https://app.sola.day/event/detail/17626,,,In-Person,bitcoin-infinity-day-2026-card.webp,,X,
Bitcoin Asia,"August 27–28, 2026",,,Hong Kong,Hong Kong Convention and Exhibition Centre,Use code FOMO for 10% OFF,https://tickets.b.tc/affiliate/fomo/event/bitcoin-asia-2026?promoCodeTask=apply&promoCodeInput=FOMO,"Balaji Srinivasan, Dr. Hon Johnny Ng, David Bailey, Simon Gerovich, Justin Sun, Jack Kong, Bilal Bin Saqib, Gracy Chen, Irene Gao, Hugh Hendry, Caspar Wong, Mark Yusko, Adam Poulton, Aditya Ranjan, Alex Bergeron, Alexandre Laizet, Anja Dragovic, Anndy Lian, Anthony Power, Anuja Chokshi, Ariel Deschapell, Avik Roy, Balaji Chandra, Benjamin Quinlan, Birkan Kayadibi, Brian Hoonjong Lee, Brian Roberts, Calvin Tsai, Chris Seedor, Christoph Ono, Christopher Smith, Damian Chen, Dawn Musil, Digvijay Chand, Dominik Weil, Dr. Qiwei Chen, Dusty Daemon, Dylan LeClair, Electra Frost, Francisco, Gaëlle Wizenberg, Gareth, Giovanni, Harish BV, Harpreet Singh, Hodl Tarantula, Hunter Albright, Jack Lee, Jackson Steger, Jake Explains, James Pierog, James of Ârc, Janusz, Jeff Walton, Jeremy Chiang, Jimmy Kostro, John Riggins, John Pratt, Jonathan C, Joseph Wang, Ju Chun Ko, Keith Gardner, Kevin Follonier, Keypleb, Khatia, Kin Fung, Kishin Kato, Koji Higashi, Lea Thompson, Leo, Liam Eagen, Lincoln Tan, Livio Weng, Lukas Duczko, Luli Bonifetto, Marius Off-Chain, Martina Golob, Matt Cole, Matt Crosby, Maurizio, Neil Woodfine, Pavlenex, Pedro 🧨, Peng Li, Phyrex Ni, Piers Macrae, Piriya, Prakhar Gupta, Randi Hipper, Rapha Zagury, Roland Bewick, Russ Jacobson, Santosh Vadivelu, Scott Lai, Sean Hagan, Shambavi Soni, Shaun Gao, Shawn Owen, Specter, Spencer Nichols, Stephan Livera, Stephen Perrenod, Sunny Ng, Tattapong (Farm), Ying Tong Lai, Yushan Zheng.","6,000",In-Person,bitcoin-asia-2026-card.webp,,X,
BSE : Bitcoin – Sovereignty – Economics 2026,"September 12, 2026",Bury St Edmunds,,England,,,https://www.bsebtc.co.uk/bseconf,,,In-Person,bse-2026-card.webp,,X,
The Bitcoin Treasuries Unconference,"September 17, 2026",New York City,New York,United States,,Use code FOMO for 10% OFF,https://luma.com/btunyc?coupon=FOMO,"Ed Juline, Tim Kotzman, Pete Rizzo",499,In-Person,bitcoin-treasuries-unconference-2026-card.webp,,X,
Noderunners Conference 2026,"September 19, 2026",Arnhem,,Netherlands,Koepelgevangenis Arnhem,,https://noderunners.network/en/,"Bert de Groot, Bitcoin Brabant, Bitcoin Training Center, BitcoinTaps, Blocknerd, Blockrise, Blu3baer, Boris van de Ven, Bram Kanstein, Brinkie, ClavaStack, Decentralized_mind, Denise Torsy, Djuri, FractalEncrypt ∞/21M, Geyser, Hadaikum, I Am GPIO, Jos Lazet, Kanuto, Kevin, Kim de Vos, Kruw, Martin Kuchař, Modeotec, Mr Meadow, Niek Olde Monnickhoff, Pieter, Printer GoBrrr, Rebel Money, Schnuartz, Sebastix, SeedSigner, Sjors Provoost, Specter, Spiky, Steef, Store of Value, WantClue, xmrstreet, Yonat Vaks, Yvette, Zap Zide.",800,In-Person,noderunners-conference-2026.webp,,X,
European Mining Summit,"September 23, 2026",Helsinki,,Finland,,,https://miningsummit.eu/,"Rachel Geyer, Robert Schulman, Jaakko Kaijala, Kasimir Kaitue, Martin Paasi, Roni Karjalainen",,In-Person,european-mining-summit-2026.webp,,X,
Midwest Bitcoin Summit,"September 23-24, 2026",Columbus,Ohio,United States,Greater Columbus Convention Center,Use code FOMO for 21% OFF,https://tickets.midwestbtc.com/affiliate/neiljacobs/event/midwest-bitcoin-summit-2026/?promoCodeTask=apply&promoCodeInput=fomo,"Warren Davidson, John Cabello, Kyle Pierce, Himanshu Sahay, Dr. Ahmad Ammous, Nik Bhatia, Brett Guiley, Avik Roy, Adam Simecka, Ben Werkman, Mark Dempsey, Scott Dedels, Eric Runge, Michael Jordan, Jeff Aurand, Scott Lindberg, Anthony Vassallo, Matthew Carson, David Dziekanski, Andrew Burchwell, Michael Borglin, Beau Turner, Ilya Rekhter, Yash Belavadi, Mark Connors, Tim Savage, Michael Rhoden, Dave Schwab, Jordan Guess, Wyatt O'Rourke, Halston Valencia, Matt Gollier, Carlos Toriello, Mason Carter, Gabe Lord, Sesi, Neil Jacobs, Jonathan Kamps, David Branscum, Mitch Moore, Sarah Martello, Carson Seeger, Max Kaufman, Rick Tapia, Jon Gordon, Chris Ritter, Analys Falchuk, Timothy Niemeyer, Erik Stoltz, Shane Hazel, Elizabeth Hansson, Andrew Howard, Les Borsai, Ian Northon, Kyle Knight, Greer Hall, Nick Ward, Keith Gardner, David Marulli, Staci, Brian Hirschfield, Ben Hailey, Cris Reed, Alin Armstrong, Michael Briach, Jim Carucci, Abhi Dobhal, Adam Ortolf, Amber Harris, Ben Jarvie, Mike Casey, Pierre-Luc Dallaire-Demers, Win Ko Ko Aung, Abhay Agarwal, Matthew Vuk, HODLTarantula, Kyle Shirkness, Rocky Wold, Jon Rodriguez, Sahil Chaturvedi, Jason Leibowitz, Sal E. Pineda, Gabe (Ge) Salinas, Jeff Hilsenbeck, Kenneth Burris, Brian Yinger, Brady Pugliese, Bitcoin Cousin, Dr. Michael J. Kelly, Jason Keil, Adrian Cercenia, Vince (HODLFlorida), Cole Stuart, Michelle Lilly, Andrew Tilmann","5,001",In-Person,midwest-bitcoin-summit-2026-card.webp,,X,
Bitcoin Helsinki - The Nordic Bitcoin Conference,"September 25–26, 2026",Helsinki,,Finland,Cable Factory,,https://btchel.com/,"Francis Pouliot, Martti Malmi, Adam Back, Martin Paasi, Giacomo Zucco, Filip Karadgeorgevic, Madex, Joe Nakamoto, Siim Land, Lyudmyla Kozlovska, Rick Messitt, Nathan Day, Jukka Lepikkö, Tuomas Tuominen, Robert Schulmann, Daniel Prince, Thomas Brand, Knut Svanholm, Sander Andersen, Chris Seedor, Grafton Clark, Efrat Fenigson, Sondre Rydningen Torberntsson, Ioni Appleberg, Toni Heiskanen, General Kenobi, Christos Granqvist","2,000",In-Person,bitcoin-helsinki-2026-card.webp,,X,
Bitcoin Indonesia Conference 2026,September 2026,,,Indonesia,,,https://indonesiabitcoinconference.com/,,,In-Person,,,X,
BTC in D.C. 2026,September 2026,Washington,D.C.,United States,,,https://btcindc.com/,,,In-Person,,,X,
European Mining Summit,September 2026,,,,,,,,,In-Person,,,X,
bitcoin++ - Germany 2026,"October 1-3, 2026",Berlin,,Germany,w3 hub,Use code FOMO for 10% OFF,https://www.btcplusplus.dev/conf/berlin26,,100,In-Person,bitcoinplusplus-germany-2026-card.webp,,X,
"Watch Out, Bitcoin! 2026","October 2-4, 2026",Madrid,,Spain,,,https://wobitcoin.org/#brxe-78d8c4,,,In-Person,watch-out-bitcoin-2026-card.webp,,X,
Imagine IF,"October 5-6, 2026",Nashville,Tennessee,United States,,,https://www.imagineifnashville.com/,"Cathie Wood, Dr. Art Laffer, Scott Harrison, Hash Hashemian, Jeff Booth, Alex Gladstein, Gideon Powell, Obi Nwosu, Joe Liemandt, Harry Sudock, Parker Lewis, Andre Neves, Stephanie Coleman, Alex Brammer, Rapha Zagury",,In-Person,imagine-if-2026-card.webp,,X,
Muslim Bitcoin Summit 2026,"April 17-19, 2026",Dallas,Texas,United States,,,https://mslmbtcsummit.com/,,,In-Person,muslim-bitcoin-summit-2026-card.webp,,X,
TABConf,"October 12–15, 2026",Atlanta,Georgia,United States,Georgia Tech Exhibition Hall,,https://7.tabconf.com/,Michael Tidwell,300,In-Person,tabconf-2026-card.webp,,X,
Bitcoin Bush Bash - Busselton,"October 16-18, 2026",Busselton,,Australia,,,https://bitcoinbushbash.info/busselton/,,,In-Person,busselton-bitcoin-bush-bash-2026-card.webp,,X,
Lugano Plan B Forum,"October 23–24, 2026",Lugano,,Switzerland,,,https://planb.lugano.ch/planb-forum/,,,In-Person,planb-forum-lugano-2026-card.webp,,X,
MITA TechTalks 2026,"October 25–27, 2026",Punta Mita,,Mexico,,Use code FOMO for 10% OFF,https://2026.mitatechtalks.com/#,"Jeff Booth, Lynne Bairstow, JCB, Sam Callahan, Ali Chehrehsaz, Boyd Cohen, Jose Carlos Flores, Brianna Honkawa d'Estries, Lisa Hough, Ed Juline, Joseph Kelly, Tim Kotzman, Sergio Legorreta, Chris McDonagh, Israel Munoz, Andre Neves, Roderic Picard Rossbach, Josu San Martin, Carlos Seldon, Santiago Varela, Eric Yakes",125,In-Person,mita-techtalks-2026.webp,,X,
Bitcoin: A Competitive Advantage 2026,"November 13, 2026",Derby,,England,,,https://bitcoincollective.co/bitcoin-a-competitive-advantage/,,175,In-Person,bitcoin-a-competitive-advantage-2026-card.webp,,X,
Bitcoin for Corporations Symposium,,Amsterdam,,The Netherlands,,,https://www.bitcoin.amsterdam/bfc-symposium,,,,,,X,
Bitcoin Amsterdam,"November 5-6, 2026",Amsterdam,,The Netherlands,Sugar Factory,Use Code FOMO for 10% OFF,https://shop.paylogic.com/788714c2f5664932b9af7c044a6542e3/?discount_code=FOMO,"Cameron & Tyler Winklevoss, Saifedean Ammous, Gilles Roth, Adam Back, Jack Mallers, David Bailey, Khing Oei, Peter McCormack, Adam Krellenstein, Alexandre Laizet, Alex Pilař, Allen Helm, Amanda Fabiano, André Dragosch, Arjen, Arno, Bam Alasi, Bart Mol, Bas Lemmens, Bastien Taquet, Bastien Teinturier, Ben Cowen, Bert de Groot, Bert Slagter, Bob Davidoff, Brady Swenson, Bram Kanstein, Brandon Bailey, Brandon Keys, Brett Reeves, Brian Dixon, Brinkie Noderunner, Calle, Chris Kiew-Smith, Chris Seedor, Christian Angermayer, Claire Chisholm, Craig Deutsch, Dan Held, Daniel Jonsson, Daniël Mol, David Johansson, Decentralized Mind, Denis van Beetz, Derar Islim, Douglas Bakkum, Duncan Coombe aka “I Am GPIO”, Dusty Daemon, Edward Hill, Elvin Folkebrant Sababi, Erik de Smedt, Filip Baturan, Frank Corva, Frederick Coleman, Gareth Jenkinson, Garry Krugljakow, George Mekhail, Giovanni Santostasi, Grafton Clark, Harald Rauter, Henry Elder, Hero van Kampen, Hervé Larren, Hunter Albright, InvertedX, Jaap Barneveld, James Maxfield, James Van Straten, Jan Scheele, Jason Sosa, Jeff Walton, Jesse Shrader, Jim Crider, Johan Bergman, Jonathan, Jordy den Toom, Jos Lazet, Jurjen Meijer, Kevin Ravensberg, Keypleb, Kingsley Advani, Kristyna Mazankova, Kwon Park, Leon S Foong, Lindey Magee, Lukáš Kovanda, Luke Broyles, Lyudmyla Kozlovska, Madeline Morning, Marco Argentieri, Marek Szabelski, Mark Jennings, Mars, Matt Crosby, Matthew Mežinskis, Matt Williams, Michael Bloch, Michael S, Michael Theo Dülk, Michaël van de Poppe, Mick Morucci, Mike Jarmuz, Mike Lelieveld, Mogashni Naidoo, Mohammed Bakhashwain, Nico Smid, Niko Jilch, Pascal Hügli, Patrick Liou, Pat Riley, Paul, Paul Buitink, Pedro, Peng Li, Peter Slagter, Pieter, Rational Root, René Pickhardt, Robert Harrison, Robin Linus, Robin Seyr, Roy Sheinfeld, Russel Coultart, Sadiq Jaffer, Sadri Sali, Samuel Kullmann, Sam Wouters, Sander Andersen, Sebastian Hagens, Sebastien Hess, Sergi Delgado, Shinobi, Simon Lelieveldt, Sjors Provoost, Stafford Masie, Steef, Stefania Barbaglio, Stephan Lutz, Steven Reiss, Steven Wisbrun, Susie Violet Ward, Temo Bezhiashvili, Thijs van Boven, Thunder, Tom van Lamoen, Tracy Hoyos-Lopez, Tycho Onnasch, Tyler Evans, Veronika Kuett, Vijay Selvam, Vik Sharma, Vince van Hoesel, Vladislav Dramaliev, WantClue, Willem Middelkoop.","6,000",In-Person,bitcoin-amsterdam-2026-card.webp,,X,
Golden Gate Bitcoin Conference,"November 6-7, 2026",Kentfield,California,United States,College of Marin,,https://conf.bayareabitcoiners.com/,,,In-Person,golden-gate-bitcoin-conference-card.webp,,X,
Bitfest 2026,"November 20-22, 2026",Manchester,,England,Pendulum Hotel,,https://bitfest.uk/,,450,In-Person,bitfest-2026-card.webp,,X,
Labitconf 2026,"November 29 - December 1, 2026",Buenos Aires,,Argentina,,,https://labitconf.com/,,"1,500",In-Person,labitconf-mexico-2026-card.webp,,X,
Bitcoin MENA 2026,December 2026,Abu Dhabi,,United Arab Emirates,ADNEC Centre,Use code FOMO for 10% OFF,https://tickets.b.tc/event/bitcoin-mena-2026?promoCodeTask=apply&promoCodeInput=FOMO,,,In-Person,bitcoin-mena-2026-card.webp,,X,